{
  "firefly": {
    "build": "https://files.catbox.moe/mu2gnm.jpg"
  },
  "topaz": {
    "build": "https://files.catbox.moe/ws76wz.jpg"
  },
  "jade": {
    "build": "https://files.catbox.moe/rqz518.jpg"
  },
  "aventurine": {
    "build": "https://files.catbox.moe/jnaqes.jpg"
  },
  "misha": {
    "build": "https://files.catbox.moe/0yw9wu.jpg"
  },
  "asta": {
    "build": "https://files.catbox.moe/zp26wy.jpg"
  },
  "arlan": {
    "build": "https://files.catbox.moe/r7hg56.jpg"
  },
  "pela": {
    "build": "https://files.catbox.moe/uffyup.jpg"
  },
  "serval": {
    "build": "https://files.catbox.moe/h4n9xf.jpg"
  },
  "luka": {
    "build": "https://files.catbox.moe/xi4ik0.jpg"
  },
  "sampo": {
    "build": "https://files.catbox.moe/cxrm03.jpg"
  },
  "lynx": {
    "build": "https://files.catbox.moe/ot7kuk.jpg"
  },
  "natasha": {
    "build": "https://files.catbox.moe/wmr8gh.jpg"
  },
  "hook": {
    "build": "https://files.catbox.moe/gcsjcp.jpg"
  },
  "yukong": {
    "build": "https://files.catbox.moe/xzq718.jpg"
  },
  "lingsha": {
    "build": "https://files.catbox.moe/0gfruh.jpg"
  },
  "sushang": {
    "build": "https://files.catbox.moe/20mj1h.jpg"
  },
  "guinafen": {
    "build": "https://files.catbox.moe/cpdiu1.jpg"
  },
  "fu xuan": {
    "build": "https://files.catbox.moe/41vwts.jpg"
  },
  "hanya": {
    "build": "https://files.catbox.moe/q1cywj.jpg"
  },
  "qingcue": {
    "build": "https://files.catbox.moe/iy7w9o.jpg"
  },
  "xueyi": {
    "build": "https://files.catbox.moe/02ufdd.jpg"
  },
  "tingyun": {
    "build": "https://files.catbox.moe/t6rlg4.jpg"
  },
  "huohuo": {
    "build": "https://files.catbox.moe/hybdmg.jpg"
  },
  "fire mc": {
    "build": "https://files.catbox.moe/qb9ix0.jpg"
  },
  "physical mc": {
    "build": "https://files.catbox.moe/yts3v9.jpg"
  },
  "herta": {
    "build": "https://files.catbox.moe/cw9pgv.jpg"
  },
  "imaginary mc": {
    "build": "https://files.catbox.moe/t082iv.jpg"
  },
  "danheng:imbibitor lunae": {
    "build": "https://files.catbox.moe/7ddrt3.jpg"
  },
  "danheng": {
    "build": "https://files.catbox.moe/05g5cd.jpg"
  },
  "jingyuan": {
    "build": "https://files.catbox.moe/m5e2jl.jpg"
  },
  "gepard": {
    "build": "https://files.catbox.moe/c95ftg.jpg"
  },
  "seele": {
    "build": "https://files.catbox.moe/baib6a.jpg"
  },
  "bailu": {
    "build": "https://files.catbox.moe/jtz0mz.jpg"
  },
  "himeko": {
    "build": "https://files.catbox.moe/b4nq0c.jpg"
  },
  "welt": {
    "build": "https://files.catbox.moe/rgh378.jpg"
  },
  "robin": {
    "build": "https://files.catbox.moe/ea49il.jpg"
  },
  "yanjing": {
    "build": "https://files.catbox.moe/81u10b.jpg"
  },
  "luocha": {
    "build": "https://files.catbox.moe/swqwxn.jpg"
  },
  "clara": {
    "build": "https://files.catbox.moe/83ciap.jpg"
  },
  "bronya": {
    "build": "https://files.catbox.moe/9zf9iq.jpg"
  },
  "acheron": {
    "build": "https://files.catbox.moe/0uf8ul.jpg"
  },
  "blackswan": {
    "build": "https://files.catbox.moe/bali76.jpg"
  },
  "sparkle": {
    "build": "https://files.catbox.moe/le31jd.jpg"
  },
  "ruan mei": {
    "build": "https://files.catbox.moe/764z6f.jpg"
  },
  "dr.ratio": {
    "build": "https://files.catbox.moe/imorpj.jpg"
  },
  "silverwolf": {
    "build": "https://files.catbox.moe/jnzm54.jpg"
  },
  "rappa": {
    "build": "https://files.catbox.moe/2hi2t0.jpg"
  },
  "kafka": {
    "build": "https://files.catbox.moe/fwykut.jpg"
  },
  "blade": {
    "build": "https://files.catbox.moe/cimlzp.jpg"
  },
  "feixiao": {
    "build": "https://files.catbox.moe/go661t.jpg"
  },
  "moze": {
    "build": "https://files.catbox.moe/bxgigq.jpg"
  },
  "yunli": {
    "build": "https://files.catbox.moe/nijcg9.jpg"
  },
  "jiaoqiu": {
    "build": "https://files.catbox.moe/9n18wy.jpg"
  }
}