{"_sessions":{"BTgmZtIJ3BLOuF10wYJset/rR48Re2AUqGkuNXAwmBRv":{"registrationId":126,"currentRatchet":{"ephemeralKeyPair":{"pubKey":"BcqKeuD2Eg9RAoTEGf2CbKr5fe0RttIZi3+uG4t/Km0p","privKey":"eKVk71h7V3ECaekggEFsZjhu3yFRN89ZB0h+7ixjaHA="},"lastRemoteEphemeralKey":"BWxByNimAEfJkX30oEdyWMP02hOMDKDe38dJFp5fQ+hc","previousCounter":0,"rootKey":"qzdDA6REZBAYXRZ7gMJuvWDJCrLOs5d+7DdW8lykQIY="},"indexInfo":{"baseKey":"BTgmZtIJ3BLOuF10wYJset/rR48Re2AUqGkuNXAwmBRv","baseKeyType":1,"closed":-1,"used":1724521306831,"created":1724521306831,"remoteIdentityKey":"BeCoZ45qVr7SKYaHh/CqBJzO+/F3gI3d4v6h/x6c1j9X"},"_chains":{"BcqKeuD2Eg9RAoTEGf2CbKr5fe0RttIZi3+uG4t/Km0p":{"chainKey":{"counter":11,"key":"2WHBEmjYAp5PfmTvUPzKlEJakl3A4vtlxsLdY4fHHtA="},"chainType":1,"messageKeys":{}}},"pendingPreKey":{"signedKeyId":1,"baseKey":"BTgmZtIJ3BLOuF10wYJset/rR48Re2AUqGkuNXAwmBRv"}}},"version":"v1"}