{"_sessions":{"Bdt4282BkIC79EhCC9oiVFW+Zc9Gb8AeidAJavax4ysh":{"registrationId":791939801,"currentRatchet":{"ephemeralKeyPair":{"pubKey":"BRThQ5QqiufHvtysDfSIIzVDvE+HJ/CW+Y94bfN/ekZV","privKey":"sLt0FDht+4B+r+dHKoDbV778WPCgHlmC68UxtE2nDkU="},"lastRemoteEphemeralKey":"Bd6mR73ZPloWCr8NhSahYx74i/VJq2DY884sESO5Q7AR","previousCounter":0,"rootKey":"mC8lhSYj3fDS6fvBzI6vvNdE+bHopiVCDehAa62yL1c="},"indexInfo":{"baseKey":"Bdt4282BkIC79EhCC9oiVFW+Zc9Gb8AeidAJavax4ysh","baseKeyType":1,"closed":-1,"used":1724522476551,"created":1724522476551,"remoteIdentityKey":"BXouL2THwo54kMjT+3mcbFVDIOIiDubB4BnEB4OPykVJ"},"_chains":{"BRThQ5QqiufHvtysDfSIIzVDvE+HJ/CW+Y94bfN/ekZV":{"chainKey":{"counter":0,"key":"97arbOLaERJANDOdEvRH1vsg49kSy+DPX5r1MbUqQus="},"chainType":1,"messageKeys":{}}},"pendingPreKey":{"signedKeyId":0,"baseKey":"Bdt4282BkIC79EhCC9oiVFW+Zc9Gb8AeidAJavax4ysh","preKeyId":4112795}}},"version":"v1"}