{"_sessions":{"BWRbrc+yy/zlvWETtlgJ426ApEh3YMF6h83tEJvWQjBC":{"registrationId":1976365465,"currentRatchet":{"ephemeralKeyPair":{"pubKey":"BWtc5mrspxHEG4zckiPk/wkfPGfFwYOoJvWOhWJX/jsI","privKey":"GJc2rJAhG1TwseBe1JI0HlW+PhwqWGCkqFENEFQHVF0="},"lastRemoteEphemeralKey":"BS45yRq17mLSYOVozgXkPcg3x6VG0IkKtYkY6u0GtwEV","previousCounter":0,"rootKey":"JSW+J1cNkXaEebrHtKu+1aelQAv7KCdZSZ7d9w0+UkA="},"indexInfo":{"baseKey":"BWRbrc+yy/zlvWETtlgJ426ApEh3YMF6h83tEJvWQjBC","baseKeyType":1,"closed":-1,"used":1724522476596,"created":1724522476596,"remoteIdentityKey":"BR/UihAXpW9i5rLHDkZIjeIupkweq1pz+BAM4ajCsaUr"},"_chains":{"BWtc5mrspxHEG4zckiPk/wkfPGfFwYOoJvWOhWJX/jsI":{"chainKey":{"counter":0,"key":"Mt1MTBAu57ka2n/icnE+BjkvkFUSDFGjUF5DplUhGuY="},"chainType":1,"messageKeys":{}}},"pendingPreKey":{"signedKeyId":2,"baseKey":"BWRbrc+yy/zlvWETtlgJ426ApEh3YMF6h83tEJvWQjBC","preKeyId":11694075}}},"version":"v1"}