{"_sessions":{"BZUo6MH+Y/Vkn2hXEnEWd8q3JfLAPg5Mjk5Er1KLWI5j":{"registrationId":1704000674,"currentRatchet":{"ephemeralKeyPair":{"pubKey":"Beo4DktmM46gfx9GPiNFo+a3E20RG2sGQwolvKLc40hh","privKey":"oJYik0xaG3mgeFv9OLSx5vlpEdAzt0jxc2M7L/+bPmU="},"lastRemoteEphemeralKey":"BbiJNUPX/FsJMrYwL0ooIMW/ZmByKJ8spzuP7YwYz9Aq","previousCounter":0,"rootKey":"C5ZO4tNuNFqfdqzr0KXcyaa5J1qSoUEjQwdW8PSdX1c="},"indexInfo":{"baseKey":"BZUo6MH+Y/Vkn2hXEnEWd8q3JfLAPg5Mjk5Er1KLWI5j","baseKeyType":1,"closed":-1,"used":1724522476536,"created":1724522476536,"remoteIdentityKey":"BW87LZ67XnlItZdbvyOpgt1MZ1p7jNs9ofvs4bOIHlNz"},"_chains":{"Beo4DktmM46gfx9GPiNFo+a3E20RG2sGQwolvKLc40hh":{"chainKey":{"counter":0,"key":"/vvduoJGlrpn2W6yD7nHdSK9Hvo8OB/z8vC1EKSRp98="},"chainType":1,"messageKeys":{}}},"pendingPreKey":{"signedKeyId":61,"baseKey":"BZUo6MH+Y/Vkn2hXEnEWd8q3JfLAPg5Mjk5Er1KLWI5j"}}},"version":"v1"}