{"_sessions":{"BTjlHlOcA7yMPZ/hV07JGshwJBOBuASRuzlOP6R0uQ08":{"registrationId":878047675,"currentRatchet":{"ephemeralKeyPair":{"pubKey":"BcuH+et14VVbQ5bbktn74zg/mopkDsEVAAhf60zC5BVM","privKey":"KHpxP/Ui7jOiCFnWkoNOqrSdqaN9HLrGRUdcJnZ7fn0="},"lastRemoteEphemeralKey":"BQH/P3AiyESfaIehKpKDl6O67KWdqSfwJE0wBGxiZ2Ez","previousCounter":0,"rootKey":"b02CVL/cyYxlz2hfNcFRNSJMPIpKUhi8XBt2t06qL9I="},"indexInfo":{"baseKey":"BTjlHlOcA7yMPZ/hV07JGshwJBOBuASRuzlOP6R0uQ08","baseKeyType":2,"closed":-1,"used":1724522203651,"created":1724522203651,"remoteIdentityKey":"BUisAneoZbh/oE/+USOoCUB0ZeMG0FKb8oB+85lf65od"},"_chains":{"BQH/P3AiyESfaIehKpKDl6O67KWdqSfwJE0wBGxiZ2Ez":{"chainKey":{"counter":0,"key":"3ngQnl+T7rWuP7nUZ6IJVGTVeiWN6FdocS2nk/3vwFc="},"chainType":2,"messageKeys":{}},"BcuH+et14VVbQ5bbktn74zg/mopkDsEVAAhf60zC5BVM":{"chainKey":{"counter":-1,"key":"fbNRG0jJ4ZvuZX24RWrFrNYoI0+/MQ6eRArpEFIx4RQ="},"chainType":1,"messageKeys":{}}}}},"version":"v1"}