{"_sessions":{"BSMsyAvXzpGkS/KU2h7GKQnRPEFtgF49uw38A8MvuZVL":{"registrationId":1647231140,"currentRatchet":{"ephemeralKeyPair":{"pubKey":"BfJqp90r+2FbVd7h0TWAPDONe3Isy1+tI+7zJ/R4BWkY","privKey":"+IoYN478bahLFHZVshts0GTEcCwP2AhPnqJ3sctvT1U="},"lastRemoteEphemeralKey":"BYaWO0h9ptLMxNASTOvybB5bKy+VKghj/6oIGIBPZktE","previousCounter":5,"rootKey":"nymoB4BqjCbOtZ7vomyTgMgYN/Tvi402QEH6eav25uA="},"indexInfo":{"baseKey":"BSMsyAvXzpGkS/KU2h7GKQnRPEFtgF49uw38A8MvuZVL","baseKeyType":2,"closed":1724522535578,"used":1724522535582,"created":1724521306062,"remoteIdentityKey":"BbiHvzDFmndECbr1uWGHDGV0ZrrqghszTQH70JW4CKJo"},"_chains":{"BRAZEgZGX3Y5kZ2rnYyIFtVMVJXa0CCUWHX00ZMfCAYd":{"chainKey":{"counter":0},"chainType":2,"messageKeys":{}},"BQbpVUkGfycZSr34/yrENnpL5utl1mU0riWAatW22Q0n":{"chainKey":{"counter":1},"chainType":2,"messageKeys":{}},"BSNV4U9iIk255hhyLhZF3cdvoIy2FQj4UN149aP33VAA":{"chainKey":{"counter":1},"chainType":2,"messageKeys":{}},"BVVxpurzBsJCxXjc4Tk3m0jk7wMnOX0l5ryOxSxw1ltD":{"chainKey":{"counter":2},"chainType":2,"messageKeys":{}},"BQGMHGLO8qDsPfe4zvnDcL6+G3UEzhbEvDqkWBSn9qIq":{"chainKey":{"counter":2},"chainType":2,"messageKeys":{}},"BSAHC7tBpz3a0p2EtO4qJYrwqDtUcn0cbSrXcDvzh4E0":{"chainKey":{"counter":0},"chainType":2,"messageKeys":{}},"BYaWO0h9ptLMxNASTOvybB5bKy+VKghj/6oIGIBPZktE":{"chainKey":{"counter":1,"key":"xHzxvAr5Z1r7ixRgeWDjqIxd0dPJNM7o0Wzrl7mplF8="},"chainType":2,"messageKeys":{}},"BfJqp90r+2FbVd7h0TWAPDONe3Isy1+tI+7zJ/R4BWkY":{"chainKey":{"counter":-1,"key":"/S0jXFCCDRai9KLp0xuer1zXitW+WBH/RP92RgHh0kE="},"chainType":1,"messageKeys":{}}}},"BYBk4TElA1L1vQRKZbQ38AgiCeQx88LswsjYT0paqRBu":{"registrationId":1647231140,"currentRatchet":{"ephemeralKeyPair":{"pubKey":"BVKYON4t3Ds4eehaXfc23epwhz9FsULGDuDjTWdM6DVR","privKey":"CCj4MaINhTsNzCTSjKwWYUEHVlQqzV8Tbw2gp9aK2Uw="},"lastRemoteEphemeralKey":"BYaWO0h9ptLMxNASTOvybB5bKy+VKghj/6oIGIBPZktE","previousCounter":-1,"rootKey":"Lc1CYR/de2o9oVUBgp4bC+Ap/XmYMnRIVl8m1WToe1Y="},"indexInfo":{"baseKey":"BYBk4TElA1L1vQRKZbQ38AgiCeQx88LswsjYT0paqRBu","baseKeyType":1,"closed":-1,"used":1724522535577,"created":1724522535577,"remoteIdentityKey":"BbiHvzDFmndECbr1uWGHDGV0ZrrqghszTQH70JW4CKJo"},"_chains":{"BYaWO0h9ptLMxNASTOvybB5bKy+VKghj/6oIGIBPZktE":{"chainKey":{"counter":1,"key":"siipcJB8GqKeFfgit/wVqMAEX9YAeCrJRa2tmDpub0U="},"chainType":2,"messageKeys":{"0":"4wj2WB6lRjbhk+hJPpAmZ2IjmYyaPPir7bcRqekfeXA="}},"BVKYON4t3Ds4eehaXfc23epwhz9FsULGDuDjTWdM6DVR":{"chainKey":{"counter":-1,"key":"G2Xa2JLzSNI9xI2VFB4oEwatSNd90EotJHSEKmitEqc="},"chainType":1,"messageKeys":{}}},"pendingPreKey":{"signedKeyId":0,"baseKey":"BYBk4TElA1L1vQRKZbQ38AgiCeQx88LswsjYT0paqRBu","preKeyId":10785339}}},"version":"v1"}