{"_sessions":{"BQuCt5uj2Q5nHw8Y5B7TBx1In3/AsjEW8ev2ICalHExY":{"registrationId":1830417110,"currentRatchet":{"ephemeralKeyPair":{"pubKey":"BR8UeOPlcJ23enGJgd4bkpb6cKjS0ZNI9DikiuV2jzoH","privKey":"qF+O/Gh6dK55+7IXsi5fjRTbVW9bVVo+MBjkAf07wn8="},"lastRemoteEphemeralKey":"BXNZF/fT9aPrxqrkBs2uLpaKMBZOJWFca8vWWftDOIIg","previousCounter":0,"rootKey":"5ltEilo2oSS//vREsrEKfud6DnmFtlyxdutldny2BJQ="},"indexInfo":{"baseKey":"BQuCt5uj2Q5nHw8Y5B7TBx1In3/AsjEW8ev2ICalHExY","baseKeyType":1,"closed":-1,"used":1724522476468,"created":1724522476468,"remoteIdentityKey":"BfvQ2yRu32lQjmDmjiZVJvpgjgfKBtP2k0azEyg2KmI+"},"_chains":{"BR8UeOPlcJ23enGJgd4bkpb6cKjS0ZNI9DikiuV2jzoH":{"chainKey":{"counter":0,"key":"q6A1nVBtO+JkyuIQ6K6MfYUSaQGN1/m6vUdL2ZtGxpE="},"chainType":1,"messageKeys":{}}},"pendingPreKey":{"signedKeyId":5609454,"baseKey":"BQuCt5uj2Q5nHw8Y5B7TBx1In3/AsjEW8ev2ICalHExY","preKeyId":19738}}},"version":"v1"}