{"noiseKey":{"private":{"type":"Buffer","data":"OH0/jIHfB9Z61RIfN6AuNRBEL0LIuHmzkFD0MCprgUo="},"public":{"type":"Buffer","data":"PV01GIf4wiKLiCYgwdlUs0OIx+d7KlrNbrpRz2iHMWU="}},"pairingEphemeralKeyPair":{"private":{"type":"Buffer","data":"wA4XVSNTGlXqKiQ56BRyXZaA+wXl33Egr8VETQLLH1c="},"public":{"type":"Buffer","data":"ncz3F/zCiTHLaYX4DF4m2zG5RAtlJ85x9YSO7MQXUW0="}},"signedIdentityKey":{"private":{"type":"Buffer","data":"YBSKa5H2tGn89ITqZ9XzL9XRbsoRZ0RT9PW4VM1IHWY="},"public":{"type":"Buffer","data":"XQHkCieNxrz0lAViOmgeognNbRugJuWndeRm8ETQClM="}},"signedPreKey":{"keyPair":{"private":{"type":"Buffer","data":"8Hz76GtJSmb9krpR3roBz06V1FJs7hJZUEXz2TeSelg="},"public":{"type":"Buffer","data":"VcyGUjs04UUAOObU65uYDsNPhCtVzEXCBFXYLCmTOVA="}},"signature":{"type":"Buffer","data":"JU89zRLyjUSZ4PCplcMyj9DggKdnRUB8l0klyZpKdD+e5AKbPs6E9bVv1/bO+0iAXgVrBIPYjXLAye6o4IgABw=="},"keyId":1},"registrationId":140,"advSecretKey":"HhnVBJkteQt/kZhHhBBSsBwIWQs+n8RZ3eOVe3kEd2U=","processedHistoryMessages":[],"nextPreKeyId":1,"firstUnuploadedPreKeyId":1,"accountSyncCounter":0,"accountSettings":{"unarchiveChats":false},"deviceId":"IRbPD_axSwmwIS6eB3-v7g","phoneId":"3b7e60c0-d0f4-4de1-8bbb-7018d524a66a","identityId":{"type":"Buffer","data":"A51QiSpVXAqi7BGlxVWOlwFnYhE="},"registered":false,"backupToken":{"type":"Buffer","data":"EgwEACclZ9VnfVODv2F3NHTp/Uc="},"registration":{},"pairingCode":"KHYB6AHJ","me":{"id":"6281350576099@s.whatsapp.net","name":"~"}}