{"noiseKey":{"private":{"type":"Buffer","data":"iHUIoi7RaCNQ1WhGYOUGEtU4D+i8pqIrErGs3Hmi5UE="},"public":{"type":"Buffer","data":"9JTPnxO+AhUrWv+AQK9pYTPCGMJpQlCyebqmdd/5egU="}},"pairingEphemeralKeyPair":{"private":{"type":"Buffer","data":"IBliVKBmI330hOY9qPmhcG3m0R3Kk8r1E5DbCY9QPXI="},"public":{"type":"Buffer","data":"X7r2xMNQ0BCT4pHBJsWCpWTJu/x0dlb65A/tExm1Sh4="}},"signedIdentityKey":{"private":{"type":"Buffer","data":"0Pqth0cFu3BmAKiEmMAhX7wQLl4Ie5REe8bTF5dzdXE="},"public":{"type":"Buffer","data":"Sz2+5VURAjSf49YpqUQmMNDWcNpAgiw6C2K447qmsGw="}},"signedPreKey":{"keyPair":{"private":{"type":"Buffer","data":"MHOkaaDXl60MqqxlY9Ldi2kPYw9i9b3osJHh2jTosFQ="},"public":{"type":"Buffer","data":"ScYsiu4s+T6eyMYy7tAZdcSFp3XGMZrBUYLpHf/bGgk="}},"signature":{"type":"Buffer","data":"ATU4mU9DCesl/b2MJm+n4TpMOOK4REjxZsqwlagbRwlEkI5ls8feWfzitLwhcqQl9fba26Txt2EvHFtNT1kqgQ=="},"keyId":1},"registrationId":186,"advSecretKey":"p600C4mEV1Z7oztxPPjzsQdgzVBKziSA9s6ETQPNhMA=","processedHistoryMessages":[],"nextPreKeyId":1,"firstUnuploadedPreKeyId":1,"accountSyncCounter":0,"accountSettings":{"unarchiveChats":false},"deviceId":"K4vlWVToQQ6hSRx6v9_nNQ","phoneId":"3ab27f56-19d6-441d-a4ea-669e4bd75c15","identityId":{"type":"Buffer","data":"oGyX9iV853jGmj0gF1pmlBhQ67M="},"registered":false,"backupToken":{"type":"Buffer","data":"qfnFwMyZkzq4NSFrk/uTlC4UoTc="},"registration":{},"pairingCode":"G8G713QX","me":{"id":"6282262906708@s.whatsapp.net","name":"~"}}