{
  "120363362282172308@g.us": {
    "6281244622905@s.whatsapp.net": {
      "tes": {
        "url": "https://files.catbox.moe/bnwerm.webp",
        "stiker": true
      }
    }
  },
  "120363236413068628@g.us": {
    "6281244622905@s.whatsapp.net": {
      "assalamualaikum": "walaikumsalam",
      "raiden": {
        "url": "https://files.catbox.moe/q9uqia.webp",
        "stiker": true
      },
      "@6285718896510": {
        "url": "https://files.catbox.moe/n8osvi.webp",
        "stiker": true
      },
      "lonte": {
        "url": "https://files.catbox.moe/xxg786.webp",
        "stiker": true
      }
    },
    "6281350576099@s.whatsapp.net": {
      "arlechino": {
        "url": "https://files.catbox.moe/lrn0po.webp",
        "stiker": true
      },
      "@628973174625": {
        "url": "https://files.catbox.moe/1gajo0.webp",
        "stiker": true
      },
      "Fthr": {
        "url": "https://files.catbox.moe/gb9784.webp",
        "stiker": true
      },
      "@6281318269579": {
        "url": "https://files.catbox.moe/gsaqbk.webp",
        "stiker": true
      },
      "homok": {
        "url": "https://files.catbox.moe/4rd81f.webp",
        "stiker": true
      },
      "raireng": {
        "url": "https://files.catbox.moe/tj7lc5.webp",
        "stiker": true
      },
      "waifu dakian": {
        "url": "https://files.catbox.moe/3bma1w.webp",
        "stiker": true
      },
      "kok gw ga suka ama perokok ya?": {
        "url": "https://files.catbox.moe/igo8em.webp",
        "stiker": true
      }
    },
    "6285718896510@s.whatsapp.net": {
      "arle": {
        "url": "https://files.catbox.moe/ng1d9o.webp",
        "stiker": true
      },
      "fthr": {
        "url": "https://files.catbox.moe/25hyfl.webp",
        "stiker": true
      },
      "@6282262906708": {
        "url": "https://files.catbox.moe/ocsajj.webp",
        "stiker": true
      },
      "@6281350576099": {
        "url": "https://files.catbox.moe/7uvxtw.webp",
        "stiker": true
      },
      "castorice": {
        "url": "https://files.catbox.moe/y3p49j.webp",
        "stiker": true
      },
      "atsuko": {
        "url": "https://files.catbox.moe/y3p49j.webp",
        "stiker": true
      },
      "suomi": {
        "url": "https://files.catbox.moe/y3p49j.webp",
        "stiker": true
      },
      "@6285861056277": {
        "url": "https://files.catbox.moe/ovg3jb.webp",
        "stiker": true
      },
      "daki": {
        "url": "https://files.catbox.moe/3bma1w.webp",
        "stiker": true
      },
      "@6281244622905": {
        "url": "https://files.catbox.moe/ybi5ir.webp",
        "stiker": true
      }
    }
  }
}