{
  "120363362282172308@g.us": {
    "6281244622905@s.whatsapp.net": {
      "tes": {
        "url": "https://files.catbox.moe/bnwerm.webp",
        "stiker": true
      }
    }
  },
  "120363236413068628@g.us": {
    "6281244622905@s.whatsapp.net": {
      "assalamualaikum": "walaikumsalam",
      "raiden": {
        "url": "https://files.catbox.moe/q9uqia.webp",
        "stiker": true
      },
      "@6285718896510": {
        "url": "https://files.catbox.moe/n8osvi.webp",
        "stiker": true
      },
      "lonte": {
        "url": "https://files.catbox.moe/xxg786.webp",
        "stiker": true
      }
    },
    "6281350576099@s.whatsapp.net": {
      "arlechino": {
        "url": "https://files.catbox.moe/lrn0po.webp",
        "stiker": true
      },
      "@628973174625": {
        "url": "https://files.catbox.moe/1gajo0.webp",
        "stiker": true
      },
      "Fthr": {
        "url": "https://files.catbox.moe/gb9784.webp",
        "stiker": true
      },
      "@6281318269579": {
        "url": "https://files.catbox.moe/gsaqbk.webp",
        "stiker": true
      },
      "homok": {
        "url": "https://files.catbox.moe/4rd81f.webp",
        "stiker": true
      },
      "raireng": {
        "url": "https://files.catbox.moe/tj7lc5.webp",
        "stiker": true
      },
      "waifu dakian": {
        "url": "https://files.catbox.moe/3bma1w.webp",
        "stiker": true
      },
      "kok gw ga suka ama perokok ya?": {
        "url": "https://files.catbox.moe/igo8em.webp",
        "stiker": true
      }
    },
    "6285718896510@s.whatsapp.net": {
      "arle": {
        "url": "https://files.catbox.moe/ng1d9o.webp",
        "stiker": true
      },
      "fthr": {
        "url": "https://files.catbox.moe/25hyfl.webp",
        "stiker": true
      },
      "@6282262906708": {
        "url": "https://files.catbox.moe/ocsajj.webp",
        "stiker": true
      },
      "castorice": {
        "url": "https://files.catbox.moe/y3p49j.webp",
        "stiker": true
      },
      "atsuko": {
        "url": "https://files.catbox.moe/y3p49j.webp",
        "stiker": true
      },
      "suomi": {
        "url": "https://files.catbox.moe/y3p49j.webp",
        "stiker": true
      },
      "@6285861056277": {
        "url": "https://files.catbox.moe/ovg3jb.webp",
        "stiker": true
      },
      "daki": {
        "url": "https://files.catbox.moe/3bma1w.webp",
        "stiker": true
      },
      "@6281244622905": {
        "url": "https://files.catbox.moe/r3pkoo.webp",
        "stiker": true
      },
      "evelyn": {
        "url": "https://files.catbox.moe/q4j3mt.webp",
        "stiker": true
      },
      "waguri": {
        "url": "https://files.catbox.moe/q4j3mt.webp",
        "stiker": true
      }
    }
  },
  "120363192768577945@g.us": {
    "6283867990852@s.whatsapp.net": {
      "share": "https://chat.whatsapp.com/GHuk84au0Wd1pY5G51wfnZ \n\n\njangan lupa share ya\nbanyak member jg nambah followers"
    }
  },
  "120363394053640919@g.us": {
    "6281244622905@s.whatsapp.net": {
      "elaina": {
        "url": "https://files.catbox.moe/deffc8.jpg",
        "stiker": false
      }
    }
  },
  "120363324760463618@g.us": {
    "6281244622905@s.whatsapp.net": {
      "dimas coli": {
        "url": "https://files.catbox.moe/mvw7dv.webp",
        "stiker": true
      }
    }
  },
  "120363333066520564@g.us": {
    "6281268133694@s.whatsapp.net": {
      "dn": "𝐢𝐧𝐯"
    }
  }
}