{
  "albedo": {
    "build": "https://telegra.ph/file/29429a15b439dab5f5bd8.jpg",
    "material": "https://telegra.ph/file/f2ff18d04d2e21a35334d.jpg"
  },
  "aloy": {
    "build": "https://telegra.ph/file/3191a792ac26264d92187.jpg",
    "material": "https://telegra.ph/file/7721f0a89777bd4c18882.jpg"
  },
  "amber": {
    "build": "https://telegra.ph/file/790922b1b1187b15f1bf6.jpg",
    "material": "https://telegra.ph/file/4b9eee7a8aa3c758cc4bb.jpg"
  },
  "arlec": {
    "build": "https://telegra.ph/file/5a5dbcc1a3dd16417d452.jpg",
    "material": "https://telegra.ph/file/7deec6cfbfa2d3b9e46f4.jpg"
  },
  "arlecchino": {
    "build": "https://telegra.ph/file/dadc7137581b6ec17e7ad.jpg",
    "material": "https://telegra.ph/file/fbf3f4c1ad3b531039529.jpg"
  },
  "ayaka": {
    "build": "https://telegra.ph/file/2e9be136bf89b63f86e54.jpg",
    "material": "https://telegra.ph/file/d90a3e66be97de79f4c9d.jpg"
  },
  "ayato": {
    "build": "https://telegra.ph/file/807794959c28bad5e3199.jpg",
    "material": "https://telegra.ph/file/8fa897f7d42c123f6896e.jpg"
  },
  "baizhu": {
    "build": "https://telegra.ph/file/d27e00f7fb2287e06b8ad.jpg",
    "material": "https://telegra.ph/file/a6168a3bbc47dcf8c315f.jpg"
  },
  "barbara": {
    "build": "https://telegra.ph/file/53f12dde65c4fe7af38ae.jpg",
    "material": "https://telegra.ph/file/8086112663a5b4709430e.jpg"
  },
  "beidou": {
    "build": "https://telegra.ph/file/18609826f9e5571087497.jpg",
    "material": "https://telegra.ph/file/80308c088d274869bdad8.jpg"
  },
  "bennet": {
    "build": "https://telegra.ph/file/80e8fc2a1a60fe0b5e924.jpg",
    "material": "https://telegra.ph/file/824702504d46c5cf51d81.jpg"
  },
  "candace": {
    "build": "https://telegra.ph/file/01680a6efe47048b40f36.jpg",
    "material": "https://telegra.ph/file/ad6c6319d24f9aca25095.jpg"
  },
  "chevreuse": {
    "build": "https://telegra.ph/file/eba61b7cd502221a685f2.jpg",
    "material": "https://telegra.ph/file/6ec649a7c2f1dbc7e72ce.jpg"
  },
  "childe": {
    "build": "https://telegra.ph/file/5ca36ac34db7a6b645ffb.jpg",
    "material": "https://telegra.ph/file/02fda7b928a82a3a6d35f.jpg"
  },
  "chiori": {
    "build": "https://telegra.ph/file/110373929092ba018044a.jpg",
    "material": "https://telegra.ph/file/e41c8691cd2f8aa0bdafc.jpg"
  },
  "chongyun": {
    "build": "https://telegra.ph/file/864cac76634bbb2e8206b.jpg",
    "material": "https://telegra.ph/file/486167e731e24c7c69458.jpg"
  },
  "collei": {
    "build": "https://telegra.ph/file/688d15b4b191d3b286f30.jpg",
    "material": "https://telegra.ph/file/439af9540664a4c78bff7.jpg"
  },
  "cyno": {
    "build": "https://telegra.ph/file/3c16bff646f10ad5ff339.jpg",
    "material": "https://telegra.ph/file/b0b105e720539113b5cc0.jpg"
  },
  "dehya": {
    "build": "https://telegra.ph/file/a95f672a445484e4c6e7a.jpg",
    "material": "https://telegra.ph/file/53f41448683111ed5666a.jpg"
  },
  "diluc": {
    "build": "https://telegra.ph/file/64d3423093510bc954ada.jpg",
    "material": "https://telegra.ph/file/2e4698ee67801ac06f6c8.jpg"
  },
  "diona": {
    "build": "https://telegra.ph/file/57acfbd2829841f94c9d3.jpg",
    "material": "https://telegra.ph/file/42c3f95d7604b7e00601b.jpg"
  },
  "dori": {
    "build": "https://telegra.ph/file/20a6f8bbe7be890aab3f6.jpg",
    "material": "https://telegra.ph/file/54a38482c91bfe2d533b7.jpg"
  },
  "eula": {
    "build": "https://telegra.ph/file/535e7ad9fbaa47b136a09.jpg",
    "material": "https://telegra.ph/file/1f26313d722d5a2281727.jpg"
  },
  "fischl": {
    "build": "https://telegra.ph/file/14ef4e725c00964e82af3.jpg",
    "material": "https://telegra.ph/file/7ff91e79bbc27d12e01e7.jpg"
  },
  "freminet": {
    "build": "https://telegra.ph/file/1149f224758b1ec82de59.jpg",
    "material": "https://telegra.ph/file/8b5dc1c4721c25cd51915.jpg"
  },
  "gaming": {
    "build": "https://telegra.ph/file/f6e325fc7741e9cdf5c68.jpg",
    "material": "https://telegra.ph/file/696ca8dcdff340f111123.jpg"
  },
  "ganyu": {
    "build": "https://telegra.ph/file/83726891242007a9cfbed.jpg",
    "material": "https://telegra.ph/file/55dd79299d87ebb2f86f1.jpg"
  },
  "heizou": {
    "build": "https://telegra.ph/file/a2acc2dea986bc42a789c.jpg",
    "material": "https://telegra.ph/file/01565b8a396319c083e5c.jpg"
  },
  "hutao": {
    "build": "https://telegra.ph/file/2a614952a7d73026d3a5a.jpg",
    "material": "https://telegra.ph/file/8ef2b477d33efb63028a6.jpg"
  },
  "itto": {
    "build": "https://telegra.ph/file/edba8f0bc50dc5fbd3cff.jpg",
    "material": "https://telegra.ph/file/e432961e52f37eed1f476.jpg"
  },
  "jean": {
    "build": "https://telegra.ph/file/e8225dc4af5fb1481737b.jpg",
    "material": "https://telegra.ph/file/6326c196c2e8dac7bfdbd.jpg"
  },
  "kaeya": {
    "build": "https://telegra.ph/file/06c51ba999ce6d13c2051.jpg",
    "material": "https://telegra.ph/file/36315f95da76967359bb9.jpg"
  },
  "kaveh": {
    "build": "https://telegra.ph/file/c4ff4395f3088f973e8ce.jpg",
    "material": "https://telegra.ph/file/1f02fe4cefcdb765db680.jpg"
  },
  "kazuha": {
    "build": "https://telegra.ph/file/0559735bcfce77c0ce70a.jpg",
    "material": "https://telegra.ph/file/93c22fcc88d69f35fd458.jpg"
  },
  "keqing": {
    "build": "https://telegra.ph/file/4f14892407c2c0886b539.jpg",
    "material": "https://telegra.ph/file/b32ddbc9f41bb21178806.jpg"
  },
  "kirara": {
    "build": "https://telegra.ph/file/b19b9d65ab7a1e0896e29.jpg",
    "material": "https://telegra.ph/file/b6ce189a763c3117dfc3c.jpg"
  },
  "klee": {
    "build": "https://telegra.ph/file/13aeb9eb48bef0198d336.jpg",
    "material": "https://telegra.ph/file/0763c88499bf621808978.jpg"
  },
  "kokomi": {
    "build": "https://telegra.ph/file/3294b19d6aec1bca13afc.jpg",
    "material": "https://telegra.ph/file/4effc4b6efcc9bd67eedb.jpg"
  },
  "layla": {
    "build": "https://telegra.ph/file/52d5a3a5c4743ffbba5b3.jpg",
    "material": "https://telegra.ph/file/5812b6df3271a18d8548e.jpg"
  },
  "lisa": {
    "build": "https://telegra.ph/file/d450de91fff5fc776dce1.jpg",
    "material": "https://telegra.ph/file/6ac3653bd42ad45fac17a.jpg"
  },
  "lynette": {
    "build": "https://telegra.ph/file/148977785e68211169b25.jpg",
    "material": "https://telegra.ph/file/46bfeb1b52b00381e03e2.jpg"
  },
  "lyney": {
    "build": "https://telegra.ph/file/7568453e43be3004fab15.jpg",
    "material": "https://telegra.ph/file/1752c4a9f9a67d7d070c3.jpg"
  },
  "mika": {
    "build": "https://telegra.ph/file/056677c906fcf31cb45c1.jpg",
    "material": "https://telegra.ph/file/10a3592f4d7cd5e339f8e.jpg"
  },
  "mona": {
    "build": "https://telegra.ph/file/27f39908fe6afd86cd10a.jpg",
    "material": "https://telegra.ph/file/2f2c13705078b54252696.jpg"
  },
  "nahida": {
    "build": "https://telegra.ph/file/e93b067830e4027f636af.jpg",
    "material": "https://telegra.ph/file/6872375e43a9c3432db83.jpg"
  },
  "navia": {
    "build": "https://telegra.ph/file/f556f92991cada722d3a3.jpg",
    "material": "https://telegra.ph/file/966721e00201036247d67.jpg"
  },
  "neuvillette": {
    "build": "https://telegra.ph/file/870611238d0913df86de5.jpg",
    "material": "https://telegra.ph/file/00330758b43023b7facdb.jpg"
  },
  "nilou": {
    "build": "https://telegra.ph/file/705b75683e4b597fe6c49.jpg",
    "material": "https://telegra.ph/file/cb4db02f9d0f489375df7.jpg"
  },
  "ningguang": {
    "build": "https://telegra.ph/file/c833ce9570185dde6f25d.jpg",
    "material": "https://telegra.ph/file/e06e8718016519c7919cc.jpg"
  },
  "noelle": {
    "build": "https://telegra.ph/file/f9a7ae1471082388ecd09.jpg",
    "material": "https://telegra.ph/file/bd590a3aaddb23b3b3f44.jpg"
  },
  "qiqi": {
    "build": "https://telegra.ph/file/05190469154c8c3c23685.jpg",
    "material": "https://telegra.ph/file/b1b1b1186bdd26d667b5c.jpg"
  },
  "raiden": {
    "build": "https://telegra.ph/file/815822c04827cbec3d019.jpg",
    "material": "https://telegra.ph/file/7c1dbc3d93de2916c8a17.jpg"
  },
  "razor": {
    "build": "https://telegra.ph/file/fbf632f073ddd5ece60ab.jpg",
    "material": "https://telegra.ph/file/517baa56259bee7c54151.jpg"
  },
  "rosaria": {
    "build": "https://telegra.ph/file/b5cae85fc045d7e05b111.jpg",
    "material": "https://telegra.ph/file/b52edb107e7d9c8467367.jpg"
  },
  "sara": {
    "build": "https://telegra.ph/file/3ad6295503c3b20ba282c.jpg",
    "material": "https://telegra.ph/file/671d9e1c5cdb4196b7397.jpg"
  },
  "sayu": {
    "build": "https://telegra.ph/file/eab0ba01dfc0a2afa22d6.jpg",
    "material": "https://telegra.ph/file/44722e8def328ca97ba31.jpg"
  },
  "shenhe": {
    "build": "https://telegra.ph/file/0bb1de2c284fa5b8238e5.jpg",
    "material": "https://telegra.ph/file/90aefcf596b955628a9f3.jpg"
  },
  "sucrose": {
    "build": "https://telegra.ph/file/9dcbd2294509e9d565ab8.jpg",
    "material": "https://telegra.ph/file/ad4ac3c9ea800a27ae36b.jpg"
  },
  "thoma": {
    "build": "https://telegra.ph/file/cbee9953e1b1d4321cf18.jpg",
    "material": "https://telegra.ph/file/d80c5dd10648f21264e60.jpg"
  },
  "tighnari": {
    "build": "https://telegra.ph/file/10bfd6de66cf7a811ce28.jpg",
    "material": "https://telegra.ph/file/cc278858ac2bca03a0765.jpg"
  },
  "venti": {
    "build": "https://telegra.ph/file/b416922fb05e75230553a.jpg",
    "material": "https://telegra.ph/file/0181c63f706a4be801fcf.jpg"
  },
  "wanderer": {
    "build": "https://telegra.ph/file/909f9b95338be962e7038.jpg",
    "material": "https://telegra.ph/file/4e6f81b9e796f6fe181f3.jpg"
  },
  "wriothesley": {
    "build": "https://telegra.ph/file/3d8811314af10db4cb796.jpg",
    "material": "https://telegra.ph/file/7d59dac11edbe772cb06c.jpg"
  },
  "xiangling": {
    "build": "https://telegra.ph/file/f8c7af6d85a8a8ed1a09d.jpg",
    "material": "https://telegra.ph/file/7ae5550dab97944bec868.jpg"
  },
  "xianyun": {
    "build": "https://telegra.ph/file/a7b7c82bb195fbde2c62e.jpg",
    "material": "https://telegra.ph/file/b3904b9014d63e3728463.jpg"
  },
  "xiao": {
    "build": "https://telegra.ph/file/50213c8bc16572891ed50.jpg",
    "material": "https://telegra.ph/file/9ac181d741f66ecf4c26d.jpg"
  },
  "xinqiu": {
    "build": "https://telegra.ph/file/f15302cdf90128ac674cc.jpg",
    "material": "https://telegra.ph/file/0b30d4237dc74ae8fcd1f.jpg"
  },
  "xinyan": {
    "build": "https://telegra.ph/file/aead1ddd954d58aaa14a6.jpg",
    "material": "https://telegra.ph/file/6233b6dfa24d1a9e4ce30.jpg"
  },
  "yae": {
    "build": "https://telegra.ph/file/ac3efbf936600fe1a8b19.jpg",
    "material": "https://telegra.ph/file/410eefdb37acf94c00a51.png"
  },
  "yaemiko": {
    "build": "https://telegra.ph/file/5da07953c03b52e3d653e.jpg",
    "material": "https://telegra.ph/file/5a9305e7b393cd2fb10e5.png"
  },
  "yanfei": {
    "build": "https://telegra.ph/file/85831fe744700f7ce3270.jpg",
    "material": "https://telegra.ph/file/ace7885da843ba6849437.jpg"
  },
  "yaoyao": {
    "build": "https://telegra.ph/file/eb862e313f282745a1f94.jpg",
    "material": "https://telegra.ph/file/9d6dc7665b3b532024cbd.jpg"
  },
  "yoimiya": {
    "build": "https://telegra.ph/file/13d8595da0d88598c881d.jpg",
    "material": "https://telegra.ph/file/0069ce7d2b3223fa5efac.jpg"
  },
  "yunjin": {
    "build": "https://telegra.ph/file/77fbb0d8806a7c724a47b.jpg",
    "material": "https://telegra.ph/file/8a126f1aff53556b18986.jpg"
  },
  "zhongli": {
    "build": "https://telegra.ph/file/aeeb6da3cc8f613246e48.jpg",
    "material": "https://telegra.ph/file/ac3443074e4745041866b.jpg"
  },
  "furina": {
    "build": "https://telegra.ph/file/4aa902a21a2369374e1cb.jpg",
    "material": "https://telegra.ph/file/de1c17ec71e3c72b99462.jpg"
  },
  "alhaitham": {
    "build": "https://telegra.ph/file/0c061ca2658609f457407.jpg",
    "material": "https://telegra.ph/file/722cfcc870cdf89e4d5b3.jpg"
  },
  "kuki shinobu": {
    "build": "https://telegra.ph/file/cc1ffe68ce0a2df8d3994.jpg"
  },
  "kuki": {
    "build": "https://telegra.ph/file/405fc790b487f1a1445df.jpg",
    "material": "https://telegra.ph/file/b6e1dc55d5973f14f315a.jpg"
  },
  "yelan": {
    "material": "https://telegra.ph/file/ef68b26837813251e4678.jpg",
    "build": "https://telegra.ph/file/9166175e92a68b3176151.jpg"
  },
  "emilie": {
    "build": "https://telegra.ph/file/a541283bb9c7dccd11362.jpg",
    "material": "https://telegra.ph/file/418a29ff6b2d5141b806a.jpg"
  },
  "clorinde": {
    "build": "https://telegra.ph/file/4553cf4be618895065515.jpg",
    "material": "https://telegra.ph/file/c5abded4fb797106cc6d3.jpg"
  },
  "sigewinne": {
    "build": "https://telegra.ph/file/7a0d84abcd50131fc44d5.jpg",
    "material": "https://telegra.ph/file/88ae6f7eb04b68abae247.jpg"
  },
  "charlotte": {
    "material": "https://telegra.ph/file/c9811a934a15262872aca.jpg",
    "build": "https://telegra.ph/file/bca75a6a62b465e1e74e6.jpg"
  },
  "faruzan": {
    "build": "https://telegra.ph/file/5981a2f75d497fa27b132.jpg",
    "material": "https://telegra.ph/file/7f7acac6c9b76006457f5.jpg"
  },
  "mualani": {
    "material": "https://telegra.ph/file/cc8d04fb50d9ac0411c89.jpg",
    "build": "https://telegra.ph/file/958018ddb1d1e261ec536.jpg"
  },
  "kachina": {
    "material": "https://telegra.ph/file/73c2ff0339b5463839e58.jpg",
    "build": "https://telegra.ph/file/4030b62435fbf33ae737e.jpg"
  },
  "kinich": {
    "material": "https://files.catbox.moe/60612d.jpg",
    "build": "https://files.catbox.moe/xrr9q2.jpg"
  }
}