{"version":5,"hash":{"type":"Buffer","data":"yn1WXFACrx/YZOEMwb3L9sTePh9L8nN2pxYdB4s0fpA3CjdI/6x0VtGU4XZDOgbPUdUTDbUxeJXIuAXIAhyF5DvkD4c3sYPUHi0AsoJheUEaefM43xLlecA9oV+3D7MKRaD8orPeS3jSss22uapMEI4yBhCG1Z536wHGnO1yhVE="},"indexValueMap":{"QSmLuTlgjFu9fbTgJPR5CESxD6yu1hJ+4B+r8b0SoWI=":{"valueMac":{"type":"Buffer","data":"3fhXtgl2ZiMkN1adEqF7daE0k4kG2wt43RUlchJmwvA="}},"JlXe4oaXTGartjh2KptTeF+3CCVnEMY2MicCRfb+zDI=":{"valueMac":{"type":"Buffer","data":"bnyjLxLphS+LxD7zKgQOwRdbUpHJc244Yol0PpoOoPE="}},"Zy3w/Om2RcEEIs/4na2b4RQnaGvagrGjnZFnzeXBnG8=":{"valueMac":{"type":"Buffer","data":"lZ7dDjKztEFL1V9trAEOhzpzyEO9KnDx26kI/YTPjnM="}},"X1JaaE3zLDntm4f0gzR6L+0+WNIZTmlz/HqjVoK8D00=":{"valueMac":{"type":"Buffer","data":"ZTEExhRjY7mL384ufwUdnvBxiF2hVjPGyLbrp7uC5aU="}},"Wlgl8rCe0COlorwEOaU0njDPTcD3fCCmrDjFeM8UJbg=":{"valueMac":{"type":"Buffer","data":"fnNPI6gnIyfm7YHhL3RMEuK8KXCr6HBdtX1thVYrVsQ="}},"XOgmbr4NFaq4VgtJ82V77eFUrYjJE3Sku6ZbQSTIt/Q=":{"valueMac":{"type":"Buffer","data":"vk2zg3PW1mCfGEcOq/DRxWWo1JRI5o/xIt00dWi94v0="}},"D2HBWA9ea0GhqAChuLXAq1i0rJP4UcJypGHRovVmP1E=":{"valueMac":{"type":"Buffer","data":"iu3F0YQTVDmDOQhur8QFY8k3nlYNntxK/HeeAIB+gqc="}},"AdcW6oiVBBzLSjydUwdf89h7MOu3DFpVyjSZenmZFX0=":{"valueMac":{"type":"Buffer","data":"iSelv9FQx/pVd/SnoPTS0ZbeDi4DNOiTwCmBW19dff8="}},"Fuz0jdIkYar3XgSuyjeyctjNmFS7Nf4q/zYVJR3/ZQk=":{"valueMac":{"type":"Buffer","data":"hO2whrRQTixGg4jUgXuulV23XboR9WkhlHuUrCqEOYc="}},"08AwRGgxZ6L57rB+WFxB/WDNWP/DlYoCTFy7VJIVpdU=":{"valueMac":{"type":"Buffer","data":"V8LML9UN+tk5PeO2ktcvGqDVOfe+ZAq0JFLPVUOIEqM="}},"D6MXAc8QjAiHUI6Cq2eP5DLQs1zTFjCdc+eApupEOTY=":{"valueMac":{"type":"Buffer","data":"Y4myTc5JjaFeWd678vxuTy+9VFZJRWAQjywEjGYGBXQ="}},"rxvXkzQ9oRW3HCLNCHotlu3Sfq3g4AFtuFMojMzYCYs=":{"valueMac":{"type":"Buffer","data":"KyUpKxrHHlMEfeK4x2WNJhl7bCAgJ5dMPQsSxou9UQs="}},"3qwXWXEG5GoWV9TDWACkikcSeoOC5d28wIR5fpm/Zuc=":{"valueMac":{"type":"Buffer","data":"yiD4fyG64x6Lq2dFV+crCH4Pub/0J6ICID4Dlp/HeuE="}},"m2Vg0stDiBertJYEH7oJpkKEn/RrBuTjZ3DLhrTbPUM=":{"valueMac":{"type":"Buffer","data":"xC+GeW06S9XIXu5rpisA370Vd464JXxx20ZCIA9qTko="}},"cPkO4W7it08KYkI3fH6DToECiFwkMH0KLEzzh4Y/jSo=":{"valueMac":{"type":"Buffer","data":"Z1AtMbX2PZW6pLbmFSjaTo6eSw8CKp2n7xF98aRQKvM="}},"pxJJbuM90SxL80z9wyZQctPK+rHttSpxIUwXnvZ+zNw=":{"valueMac":{"type":"Buffer","data":"WEbyewR8Od7MQ+vC+GpuYL4KlZiJ2Fu0/vDY4HEiKx8="}},"VQlO/5aHCnvqJkXoiV+R5Vu+dkh9Iawd4V0lhA/BSao=":{"valueMac":{"type":"Buffer","data":"CUVW8VsB81wJjpkR4SC6S+dowmdR+3YKMR03yuSFA7k="}},"QBEj5sItsRaMHEwZaptvRwY7+/NCHd6tp3LfoP8ulb8=":{"valueMac":{"type":"Buffer","data":"WMNlNSpzfimDy/lkN2KgVVVyywiGywx8Ut7AkywEAQE="}},"dUkj2/BBIGWfo/5f4Lz0zxUOVfqlt3neqL2ZPVQnDXw=":{"valueMac":{"type":"Buffer","data":"OyHc/7eXq7shakWKZuwDsQGTeURK5wGBEbndnGevK54="}},"D0wxmBCWJSbKx/ZRdMs64UAlJaLKG2Y2LVJeH6vw5rQ=":{"valueMac":{"type":"Buffer","data":"hEaoexFyM2FC3bbEzMBJ5RnErWifDcHSPfrYFpQ9Q1M="}},"AP0TBqS766wpjI6rMrzCotVyOiBBUm03TLFNGiOqmlw=":{"valueMac":{"type":"Buffer","data":"S1Y41g/5bWPv7JbIcB2UoQcQ1O8QnjhbYM2PPBL+MbE="}},"2ZhezbshxucNA47LWwyQztt6OiQ7sYGskvkwpc1NSgs=":{"valueMac":{"type":"Buffer","data":"6OonKKVIBgWYaPRBbzCAZOq14yqnhkdEQIoxJCcnQI8="}},"G32oZ914I5lAr/DVcTokvJkLcC/c5LJ4lcI9k+4EIok=":{"valueMac":{"type":"Buffer","data":"QbfQH6njZxf9vBrBsFQVXKgesv2WY277gdGhxh9r4aw="}},"OnrHtxCERgtKqvOqWAgKAXpOgJ6oeacIj0OidM+9gqA=":{"valueMac":{"type":"Buffer","data":"G7b5P5qp2Q3dX7CwdNJseQhOq3DHYnYCOHczguPJI+0="}},"Y0OCStw/J1LQ2bux9yuGvtdgstd0rKv+/B7wVpFw8i0=":{"valueMac":{"type":"Buffer","data":"S9wVN9bQVgerHjsqd/8EvEI/JlmWhBB221Vp7Oa2yZI="}},"K0pmgzDLNyuXA9SvUkQa72z2J4ukrNhKw91iGYA9/cY=":{"valueMac":{"type":"Buffer","data":"AK+d0PAWrT6HMPbKtyHCZqyisck78YbNtMyureKucP0="}},"s5xpFLsiFfrJjFKFjGSU6NbwvAUYrT8oMBzrxIxokNk=":{"valueMac":{"type":"Buffer","data":"/JxrHSQPWDenQQ6f1WUFFye7A3k/PRGUK/7Syn+Ychw="}},"Rv/cOKoZk9BjfIhs2unAoYHl14TJ7vvDowUYkUKKGQI=":{"valueMac":{"type":"Buffer","data":"/s0NESWvZhb+renYcOLdx9B54sXNO148qo+/zvQjUig="}},"1WGyNtMWhFtssxSTsl6Ly9WknRy4N0XmgmC4sEYfBOM=":{"valueMac":{"type":"Buffer","data":"Jsn0jxvlsSI/NbisqQQJ2avzK5M1uqX3xUg8qdPxHX4="}},"Yn8Qm+Ct5nme7/4pXocSo5jUrxuLS61FWaKaTZNVMRY=":{"valueMac":{"type":"Buffer","data":"3sRAHpZ5JWs4/Fj6BwEnjfnNDJJDnTUKVlW64+OC83M="}},"vPYBpKbQklAwQ4RSyMXPt3zEBexyaMS6bXtugQNOiU4=":{"valueMac":{"type":"Buffer","data":"VelwekXhVOzbHm2g/k496b7HY+MxAB3EpK0XIj7rbcQ="}},"EELnMk86RV02bnb6zfj+5vJFbFFWhoqElovx1QaShyM=":{"valueMac":{"type":"Buffer","data":"gyOxP5rE+buyeP79TwyFHBScDBNAF5kgSYN/3V9UcAs="}},"D7o3i/4X8VsWHZzr+Uyf7O7G7Iq/YqrduKpXKHdR9xc=":{"valueMac":{"type":"Buffer","data":"/PTbTJKnzM5GoTc/wtn5tocEeJKe/3m3SySFx42H1kk="}},"s0QZhI3bgaeMchRBWRyPHNTrDf9rjZ1yNQTdiefcdRs=":{"valueMac":{"type":"Buffer","data":"w8wGxDdDzQVb3xIfGJFyFFpoCZ22Z2sOL4oduoDvA+U="}},"xktCGjP75iSesBt4XrV0NKqM5S+un1UqEnaFBv+X3U8=":{"valueMac":{"type":"Buffer","data":"WiVHq/5h1yhSFxuDxaADXOl/u93uUyyAWuP5VxCj3mA="}},"qbRZ1C+QwB4gB3tkVYmaL8h5oiCMLgGOE8z7qH7NHho=":{"valueMac":{"type":"Buffer","data":"+dK8HNEAt8zeGfosd1Ca/gRztIi+GOE1axUKQuPmhc0="}},"fwvcNCA2k4zq1aZIorNo3ohK95S7xo5+cUTwdaXNsBs=":{"valueMac":{"type":"Buffer","data":"rNXdSC1FOygr3ZO4YEFjte226Lu4cq528ushpv3jrAU="}},"f2uMnwdtiJlWdQzZGbTSIlMEPI/Vy/NlZ7houSsTr4U=":{"valueMac":{"type":"Buffer","data":"hGt6uH5t5xPPHf+eaKA1TdQgclQ0U94gibcaw61xI+E="}},"6Qwo2ww6MHdw+8KVYC/J0+pOGi0UHy2M/sbVK5PYqrI=":{"valueMac":{"type":"Buffer","data":"hdJGoAW+U+Mg1cOmWjAQDV7UAemOPoF5v/5I6voQeqs="}},"JNsI44etc2M97wOY8xuspJRh4Rg6Jq3v2xNT0EiWKyU=":{"valueMac":{"type":"Buffer","data":"e/LsR3TuvcABY37KVIslp+/VVWZnnOVGRHl15gkSGII="}},"WJFG2F1ESX2MOQQn23W2WbRcrKdYSUrdOLI9KqJILgY=":{"valueMac":{"type":"Buffer","data":"se/P0oA7STHFJqSry00VVy/naof4dFCPN0yyPdSo+xg="}},"3sVl9OStWGGcjGoxeHdWmyf83o1MwvE23XX9MncVu2w=":{"valueMac":{"type":"Buffer","data":"Kt5HvLPFT4W3XuFCPCKEY3lfRgZw69CjOqUHZ+2S7QE="}},"6m2+ey9qL6aqyfkZYUjUgGVvDk3O7zxUAGbgGDcDU+8=":{"valueMac":{"type":"Buffer","data":"zqDrI9XaJrXAZlhqVdrnUHKyqUM/MMKBfcFeCC7lQLk="}},"g4l9vAkKD4nP3/Th5W9iEfDmsWgEkGKJlCsub346Sos=":{"valueMac":{"type":"Buffer","data":"QvAW/upLUI+8R25R6TQUXz/eZxQJ5IVy6IrBGCuY9e4="}},"oqXGEWI39b9xVFmBUpsyrhFIUjNu9K5RmNH4RUZh428=":{"valueMac":{"type":"Buffer","data":"r2C8kWR/kNnOdhPC+tFTiD2S/bmDInYmtYCOWuTijbI="}},"ST3ke0V96pIPmFOcwsAz57D5oSJooOXqVXdu+dyfhb4=":{"valueMac":{"type":"Buffer","data":"OAj3RKJZ/Cr9VlvyFYv1bnfWUexi5U43qzlTMCtoy+8="}},"/Jb2FqOgTLoUuWP5yZq1l0P4zNzmGkFDXRzIBxBIwGY=":{"valueMac":{"type":"Buffer","data":"8I6m2w8OdKApcq6daO2SsTsNJgno6gy+3gAmXa/EoOg="}},"BSoxmb/mtGL6i9v/gJSK7OsRbRK5fML41KOTmNMdh8E=":{"valueMac":{"type":"Buffer","data":"bMBV0T2YdIcsfYgEYGyyNUD4xpfmgA97FUwJHBbyCHM="}},"K9B1S7V5ClrrxtyKoZM9fmFW9xi0U8Hvcgw9jwjnl4g=":{"valueMac":{"type":"Buffer","data":"GiYAt1WBig1M/Kwu04RdB4CqGfS4Jea6xtWtnV50cdM="}},"5MOPbp2CdtaC6d8v6/FtL+1WPDPW579QY8JuyBHoRxQ=":{"valueMac":{"type":"Buffer","data":"YDA1SPD80hFexllzEZNORuDQK5ccKokfV9eDtNfkdNM="}},"4sSOifQr0EF7zWr4zlRNKT4e1cCHdCmwrztDo9EstCc=":{"valueMac":{"type":"Buffer","data":"iyTxduOCr59+akjhD7DsWcUWAx26J5KiChJGaa1B+d0="}},"6Y7LGMol62KF3wtBelEe+NCCFqbVpf6akJUsyOcMPTA=":{"valueMac":{"type":"Buffer","data":"tj3ZlmaSs3fYyRKXnbip/NnCamn/dnjyN64DOPlyhWw="}},"juqGIoCoq2i9RhdSe1kjFRkFtxCSXKM8iNS9Ky6/bOk=":{"valueMac":{"type":"Buffer","data":"FPZEMg3rIdX/hpAi/jpDqk1jiOa/VK6aMATyusQkyy0="}},"5wpr6ttV4MuBwvZLr0nSeQUoWMS2BcS1Kx3QNLRV6ak=":{"valueMac":{"type":"Buffer","data":"PxqEWN0r5RHkF7SRp83TXraYxT8oAPW+UawuGTLSxIo="}},"RF5W0Uxc4xB457YelPWGkivQvI/LNpXPfRbFiCuFmQA=":{"valueMac":{"type":"Buffer","data":"unKdxEpXqdwtnIEWMXbVP4fUkjna1ucm2qSbN4guFag="}},"eo+sPVrmceQY3ZjCXS1CT3WuSdZSJsD9Dt3lsTJkhHQ=":{"valueMac":{"type":"Buffer","data":"fhsL9+KareARD5L81d0b62oqN6mscf4KhjCaqT3VRwM="}},"vToSoX+fbhVp7wdC/4f+iFrB8cwhMtzhRIRiM6Ew2xw=":{"valueMac":{"type":"Buffer","data":"HYr9L35eyG1rO6tVODrAECCWHmcpB3q/Ct69ZBG2xBc="}},"7/3v+FdR9/PQelXRGMrAjaTHDpBeuZ/lknMbC36xwgE=":{"valueMac":{"type":"Buffer","data":"vgtdtbox726jpLH4chNUA4z0crmSfLli4p4q1GzjXA8="}},"dFITtvLB8w7GNIw3sJGr43WJC4BZY/GRqQyzCp4PWmM=":{"valueMac":{"type":"Buffer","data":"1V0eHUg5roLLml+aFhl+so37muPL/xrNCZ4w6IClcfc="}},"40QkdyIgU6IMjRK7muLFMeTbCUSMsm38KActDg/9YJo=":{"valueMac":{"type":"Buffer","data":"lMcLow0s5nJ6bm8VxBHpMEA+eJvUuRDaZutTTy3gE8Q="}},"Aj6IZ75aajVrYRtrnwj90nxqyhaA59OCXJRJwbsOqJo=":{"valueMac":{"type":"Buffer","data":"S8PIbYdL6XtqRBMlyQZFHXSeTiyTcHI8cy2UjHdlYH8="}},"fPsMoaC3rAXBX+D0iXE554MaXK/0Z4R/hpolJHM83rI=":{"valueMac":{"type":"Buffer","data":"VG3Szln/knufrESsoVv0JWaoXvFl+25tBDW5byZaL3o="}},"kmDfLkTDMTTvk1PIlrRjrhy0tiPTQKcI05NY0sTyXWc=":{"valueMac":{"type":"Buffer","data":"FMYuFSF+RNic5lC+ggP0JDSKA4ddSKyr1MqAYxxcAFA="}},"scY/XMc4qUV8vo6r2oY53oSInatViNiucwmz3d8MF9w=":{"valueMac":{"type":"Buffer","data":"56q4Yk1wLwkqylNs08Kchm7mZjgKbcZJ5LsdPbIjw7s="}},"VezNTBL32vuVaPAieibo6RQiIu+UiKvtImzDn8mLhHw=":{"valueMac":{"type":"Buffer","data":"AIP+MDkdWKr6/CtZEN+YdVBMnfk8U5O8ZMigehI3M9Y="}},"7rkckWXzw0o1Gpi/sDRq/W2UiZEs1qpImOOeMcY+85E=":{"valueMac":{"type":"Buffer","data":"LRUkD8rs8szwCz3BP8bebr2Pw5KVVrb7jXJmUWmoI5I="}},"Th8Cdoi7Ik3AJD7MgrzbBo2+fCCEZ9Fcu1HoPJPM8lY=":{"valueMac":{"type":"Buffer","data":"pce+hpW2cRqnR3f8HdLnRmmnX/CtuCrd5IS9CMBdVL0="}},"m6TwQsNn+kWfsj8pu0/IgfVE7HHih/OdxdDIRsuqHxU=":{"valueMac":{"type":"Buffer","data":"lnIgMdXsnYcx8/aPgctYogeqjNwRZh824WYdKFX6D9Y="}},"zMPe3y/KCjyOy/optAE7tYbwPv/1QUm5VniouMnEa3k=":{"valueMac":{"type":"Buffer","data":"fCi44ERgnCDpRpsci0+c7SviqXECrf5ESG1LbzfQuvs="}},"ZpZ2+P4FS5wPCqeMRhOktIYKo2AX6CaWJiJfAO42IEc=":{"valueMac":{"type":"Buffer","data":"QdUM5JN0UOSUjiw1tdJ1xcoPEexPtB9Y/wBf4AgoEsM="}},"Mbbwdo09bF8DObeAWoRt/p227r1y5m9vT/A7UKHYujM=":{"valueMac":{"type":"Buffer","data":"o/G+eGq9ugMuGVYF16Hfh4DVAzXzyhLyoi84G+Ksad4="}},"TX+5N7ZbRljFgGC2P/5RdCkUGDFSOGgMeOpI55SIaXc=":{"valueMac":{"type":"Buffer","data":"GF6X73H3/lVc8FVm3l01Uj0C7KCA4eEe0mcRgEgU4iE="}},"v/lLmOrKu5+MxEOJRnpQjbpXs3mdLW+TAY6+JPiOdag=":{"valueMac":{"type":"Buffer","data":"LEHg6Hx+R4iXiYzAQX+n1FltpFg42og7ERZ9vNzDuM0="}},"qgv8GcScjFBkWZdIHxEaVwFPfFW08RD4p4W6voOk4Dg=":{"valueMac":{"type":"Buffer","data":"rzExA/TRnCDEyOiYtdrbwcIwFaW0Yxh8Z32U390YOSw="}},"4S5EawiyzDWFY5BLygJxaw4tqz99sAo4HdXiOe0C5vA=":{"valueMac":{"type":"Buffer","data":"F+tUh2u/ffnjOCa921RsU/kN16z1IpAYj0f7JDLLEec="}},"Qrm2AGOmVPzxVW8xK53NisUGG6MjnBkD/ngsQ+gmDcw=":{"valueMac":{"type":"Buffer","data":"pZxXCjyWNgJN2XiUgdaDx/pUyOtgS3U4WeY7eM8qjLQ="}},"8vjkIOruvHLAnVkDeVWjP5T2WRyyh9ASCXB84DMM304=":{"valueMac":{"type":"Buffer","data":"W4H4XLqFL7tVynvAoe7UkWhV1SOYhJAtvjE8PAu8aGg="}},"t05kF2HjLkSwAoAW2zpnHKAos0D0RlaPh9gSBYR4wyY=":{"valueMac":{"type":"Buffer","data":"ROhzzte6fLTGXFexzNTpgS1VfnRcEebHmNeM0h6TrN8="}},"VNZMrjj9bfWV4Tfb2kzL+gVfH4P8aLRBPY/bH5KLjUY=":{"valueMac":{"type":"Buffer","data":"PGMQ4Sy5dtFb4EoVrmyjHgSX75AZjQdnoKvMthBA9n0="}},"gjEtuapOT3laTJ6O3wHyGhvUoiCDascEIJ1BqdQysTU=":{"valueMac":{"type":"Buffer","data":"kpeFQ8YzVT+siNrwZ8zCbuChEetvp6zuimBaA9GH8gE="}},"kHYRlTtCujE/g+4me6NkFfsJxsgZw20Lx24d6Q9MvpY=":{"valueMac":{"type":"Buffer","data":"nw7v2SBLxLio5yULwKd6sj4+ikV5nOn3wvnRX0OxqhU="}},"87vZddqKXaS0lzkLHa6f+aH3KEa/0rA3aY4AAXTSq4w=":{"valueMac":{"type":"Buffer","data":"SoySJsEgdG8eU4OjYJqjX67msa70MYF2SYj3dsHptOM="}},"HxYy7lzr/cxOQ7Ob3jc9Oj5UbzIk3t/mHgjz7GdDS8Q=":{"valueMac":{"type":"Buffer","data":"vvj2s6KZVZYf3Bqe+lCMlWzIF9nI+LB15wdFdVJYwYU="}},"42/mLDSYMsa1GYdyge+PvRE2h+wz7HqhMqybvzwp5eU=":{"valueMac":{"type":"Buffer","data":"AtNBr2PmhA1atjQ65ArM9R1XWJnFPeg0tZDLLC9JT3U="}},"nfq8okd6mw8gUDcleLMza9MQL+wjp15wgHZkdhy3ubY=":{"valueMac":{"type":"Buffer","data":"u6KEWX4KMIRn1mg7GYa/prKHN9raVfFptGfWdlHejUA="}},"IMbnxAtdWKtcdrX4EuVLnfdUiRSawdP6O6Tg5FiCoJE=":{"valueMac":{"type":"Buffer","data":"W4McPAIwALz6/lBm1Wzt6n2EktujmAwI/DYACBrPyOI="}},"WB+CZeALh6WKR4KPp6VLCnBEf7lS7U3rhyy3tWQTALE=":{"valueMac":{"type":"Buffer","data":"IE7wvJNAXqP99OStqSxIN707JVbAPklgX1ffvQqF5vE="}},"uyYB1wxYrpRL0YavejYH3nzUd70RTgAomqIAfWdkdSc=":{"valueMac":{"type":"Buffer","data":"ZsUvHiAqzswNXnx/1yR4DwYM/Bg+D3k+2HsdK3F+nDU="}},"/FjrZtlncoZBGGJDmFMT300N4Urh1FLDi2HhUsltF8g=":{"valueMac":{"type":"Buffer","data":"ImuAZJqBoeIVhVlOMev0n914XsAJmBa67UeDgqkEl4w="}},"TBIol1ODpuzuuwetwO5PzSrdf2DNphugjpWev3U7wK8=":{"valueMac":{"type":"Buffer","data":"hB4T+QhXfagD1DsuHKFhd7AUmj/PXOefpBeF4dpBWDU="}},"NWYeS4Zc+3ppMWq8Es+GcFeV/+eh+/cInT3YPJ+nzeQ=":{"valueMac":{"type":"Buffer","data":"VqkGh+ov47/4EXzXQ+PrEyq63tbc2cN6SdOlgAud6bQ="}},"YMdoBy9IuFBKou4fMumaUFfTk9UH9W7spwfqTClnWuA=":{"valueMac":{"type":"Buffer","data":"JiyVGUuGhY5xnWsFGyf4XPt5nntrIeFqwJdhwKt2K4Y="}},"R9FpCplnB3qlt3yKadTeoSEfOBvasQmL5xTJZhoYG4Q=":{"valueMac":{"type":"Buffer","data":"oq4FnzSK1WZo9SQ2rDZe5E6NhiYfsTobEo6iy+mWXGk="}},"BuS8/L7UZXhbCxX2cfZpTICahzs6r5IkJ0qYJFWqBCM=":{"valueMac":{"type":"Buffer","data":"MIyItAgcM3La+g4c7deZeOEdR+fSfMavxAuN+LAOP7Q="}},"Bm1NB8FZumw2cQEwZjjOaugJ7dwai9Hu+Y//l1xrgJE=":{"valueMac":{"type":"Buffer","data":"bJi+n4QSsqWVGZyB1p8BOSUzQKwApC7fWGTLNUL9tw0="}},"GzAUbdD6zG+f5Fuk7oAEKrQ40KpZQjYMn0d8anqQMzs=":{"valueMac":{"type":"Buffer","data":"Tczx3rqWOLQ9gT/ylfcSHUYyVutJV27c8YVnb5fInFc="}},"46m7UQpGceu+JlGRADgy8h+dmilZ9juVIO1G4qEHy28=":{"valueMac":{"type":"Buffer","data":"xatblyOb5TY8YRXiZLOiazkRdcwLfWKMLxtX5eUl88A="}},"sE/2d60ekGvivXFbl0z7QcF6hIK1uaGqXJpAw6Izm28=":{"valueMac":{"type":"Buffer","data":"0JCwSje4eT3Ii10cLW8GaBAmYimLY/45VdL/5dDrgc0="}},"KYT6GcNb/VP5x2H+X0h9HwtxDEpwzOrLhCK7RmRGixQ=":{"valueMac":{"type":"Buffer","data":"Ku+k2vaier9qrP5IFuN5vX/MAvP0p5UiSckTyqeX5GY="}},"MUBfjtbr3WtyX7Qzj/gLVB0MfOrRcJx0w+7hsUwd73s=":{"valueMac":{"type":"Buffer","data":"DHfoJ2tGBooOFVDiVu+JNmhWuX7A1TwpfBYMf0YRHN4="}},"usexV5xWUc5Ph5NhbR3P4Dl4EnhVwDpaI+tZyQT/aOk=":{"valueMac":{"type":"Buffer","data":"9WOMcEjYjSARBDTOEDkCALqUwnm2UI08S1nFIZ1Kxok="}},"9ZsOA6hblyAC9DwSA0TtC638z9ZvA4vgHbNnrFALMMA=":{"valueMac":{"type":"Buffer","data":"eHKlFq6p75rqUw3BNts7H46cECUiIgyzb+yP0iqYMDU="}},"q08QlwQfH6XWrbAOg96Jnk55v5iI8q1Q0+cS2BhYQ3o=":{"valueMac":{"type":"Buffer","data":"U3UPeb4tQgoKDKM7cdbAjPDAtTiDKO/YSswFEAiUUYE="}},"pXwc2odDpZCM6olGhhPOhqUoyNs49cT0srF/B7zbf60=":{"valueMac":{"type":"Buffer","data":"pCHPeBkgiRgVcfPwmGW5PAxHh98IXqdsP6GS6pcAieg="}},"7L/kxqHDQXaL0WbplzCr2DLfJ8fEbEJthhizhzhA+N4=":{"valueMac":{"type":"Buffer","data":"4A/OGFyQZ00peiFS+3UGb7z2VvtNlBdpZTwoAlgbvD0="}},"tY+YWkqLE16wU8av5kjpBMCi6OBQ463rxyUzxDQMktk=":{"valueMac":{"type":"Buffer","data":"Ypr0DPXFu6eLR/OJWJ28qMRbnQjG1aeumU7uH8m2KAY="}},"Gef0alVGoTBa342qZFNnxBByNbWe1ZiAhx65FTQYhDI=":{"valueMac":{"type":"Buffer","data":"MW6MjdEW4OEVT38Y1oPyDP8GkAn3R8ONLPdRXxPHCaM="}},"Sq3gxdGYiWOl9urUjs3/vzK0KnaoPLGv5zdZSN6HNlQ=":{"valueMac":{"type":"Buffer","data":"6vQbtoCMjAIw6VHMMaCAONIwGhktuxJoLQSyb93k1Wk="}},"A67qhHKerXDJ4NaUPU7/UJiXsk3CVuzcXOZCg8B39Iw=":{"valueMac":{"type":"Buffer","data":"NwA9IOnhPrVzt3RHfUrr9BR6Mdfa8+x5txHBvcX/B6g="}},"/PkiP1TAcxb/hF1zunKrrX/yMBdWPJQq0Y/X+NCjzx0=":{"valueMac":{"type":"Buffer","data":"aEoAbSq5tsX8WyUe4IVP0iVXVGQV++lk7XEm7JtDf/A="}},"8T0srkLHvE45g49anEYBAjNhCTSME8DAz98PEe1ZlIY=":{"valueMac":{"type":"Buffer","data":"ehTP0y9QjZoEyDM78kPIg8TLpXZZ/KOmH4qcWvzvyPY="}},"dYD7rUKadgjwI9D01f2N+MJkfEGStasOp2zwsY9+5Rw=":{"valueMac":{"type":"Buffer","data":"zi55EoxULC09KGlyW/rb0CWqsogTiAZLn+25p4w8KWk="}},"bywgC6NsUYKJqonsjYIftboDp6Tg9W12WJ/nBW0RJ9A=":{"valueMac":{"type":"Buffer","data":"SJeVqxvr8xdLCFBELInbKyTCzGDZ5AN1j9dkigWjuns="}},"SLG5KDqX7JuvgqcEHLlvtTLydrcxG8totnyGbWi4cQ8=":{"valueMac":{"type":"Buffer","data":"MfQ7fLHZTL61NmQIHfLZctksNXHkrOfvJSO9/8mMw5c="}},"LYcHBjt+im273I78lLhnG0r8cDEI0gJaIFCykgBJF1U=":{"valueMac":{"type":"Buffer","data":"X+9U+2PPaow498JvMEo++YnSQk0eG/c5pU2ISFeMH2w="}},"iK9qd/8WBHp0O5Q4TjV0928ujCoRnQ2d8zq8BkCj6sI=":{"valueMac":{"type":"Buffer","data":"fLb2MHGtODKff+Fmk9UZs3BAe6AWpXp09UQs8H0ZFho="}},"oD7eIBaMSYVJI2kY1ePwu/ze+Rd90ve5tct3W1IDsnw=":{"valueMac":{"type":"Buffer","data":"JscOgjM2BV0ag87X9zMlapzjFKmlHtUDrd/q3SfNfHs="}},"Ci35ocrE8NVzwcwsPD+vSY2fMlenZ41HFN2aS7QYT8I=":{"valueMac":{"type":"Buffer","data":"sMawQ4r6HrxIw0WoGgk/VRPLYmoF65YXSi7ThMPs7/Q="}},"FyqiLtuAUxQTgbW+yZ+1FxIAlLeY2eoX2O2blrXCPzo=":{"valueMac":{"type":"Buffer","data":"CUMzzp/GlNEDGAVMScvPF+WW1APPASB1RacQDo09dhM="}},"r6FLndP37ymfKGIDMxkvFbK1ImxUexzfbthCMm0jrxY=":{"valueMac":{"type":"Buffer","data":"Im48vfR6w4xSTQgyTD82zy5hifJQWFE1XKJ7GeynzIU="}},"BiD1cIsSTUfPFjSzn91DXzA5oN64XLP/cVqs7dPQf2I=":{"valueMac":{"type":"Buffer","data":"/GbuLL0vsUFizGj58tK7ZAV8JErzgqOA+kNO2X1gMWQ="}},"tAxk6UlsLNzrzPnGi1nlHrz086V2wS3NJAHn7gzpH/Y=":{"valueMac":{"type":"Buffer","data":"yd7vma+6OzhqsiVxHEio/OMUk9w3bOijTHR3q1PDnj4="}},"z/MwoNvcJ6i++w/T2jMQKF2Lb9Ri5hjhnReWzRLXf1Y=":{"valueMac":{"type":"Buffer","data":"po8r7TUHFu2TPSfzwXlUnozDel6thJ8hWCYyqPBlNZw="}},"hlqXh3K1JlNn2kmcQQSWrJ+JShV5Lg+oHKGy3Nj5lWU=":{"valueMac":{"type":"Buffer","data":"DZBdaVkJee+GwcoLHUA7hNhE1zOCckSecUghWGPjv9Y="}},"vos0U1ge3AJ/lo+6MRZMHnRUMc2ORviXxQdscr6jgMY=":{"valueMac":{"type":"Buffer","data":"hlpC0lu11PLvj8HjG+T7L3YQQxEaQucOpP4ShnXbUs8="}},"fxn06JHCE+Dc2iMVum2iDqJ20bPYAn9npZOUG5UWEPI=":{"valueMac":{"type":"Buffer","data":"uGKxZwIFvZUVD2fFI+HAHBXd7FPxcOcdSP6S5IxlEEg="}},"rZMqVBLcNy+ROZVfPHvreiErzx5DK4/FPStFx9+/Kq8=":{"valueMac":{"type":"Buffer","data":"FtEsCgXilnVj4ciqTEk0fCgIPf5gcFIvxFTui8WbzaU="}},"V00h3NhnTad9NwTpx09hBXRXfmje+x2rE+yB1KVwb5c=":{"valueMac":{"type":"Buffer","data":"bWcUEDLihW9OENCQrCsZB9U8VyoK57KoU79w6vwaOrM="}},"P2aVTh7SQIdvaQdxlvpiT5JTNWqFrr4kXyoGSVc2Gco=":{"valueMac":{"type":"Buffer","data":"hdQPDFSSYfUmTIa4uKyrJWLLRpjHkWlrLuB81PNpdQY="}},"jzuQeQrBCmcQSmBpRFw25ymcflVybY5alGZLrGyCvSs=":{"valueMac":{"type":"Buffer","data":"vAiyE+/8LGFShDBY9XO9tPWtpTzOf24Xo6x9rh67cTM="}},"x9kUmsoodSSoGZLFX/0c5tSbPTeyJh6fy+GgPZbkLvg=":{"valueMac":{"type":"Buffer","data":"TBMiCNMHcH5sYuI6SnBTXdkK7Ner2QIx3OmsYXk/nFM="}},"Pzkyz+Xl60Gd28f0uxnVQbPvhfUnSmDERthxrn4xGJA=":{"valueMac":{"type":"Buffer","data":"p5QrFJkhSg9kPqJMKDIapUMSn8JKI0F1cAYfNV1XNuQ="}},"HgoEM2l+DTb7JDQ5hOphNPAre/39RJ4SZj3zhGQLE14=":{"valueMac":{"type":"Buffer","data":"PqpMBNI8U9FB7x+o7rh/u8QlbOEggEv8BX1isqpREUI="}},"GCYUWBL1OIAP14hmrNHtsxMeoZqpmzswtbrHMoejQQc=":{"valueMac":{"type":"Buffer","data":"GoR+iIpuMHqV17zOtq584diboPUdbq5R1zrc+ggEDR4="}},"srp0GLXydgfdp4H0xujXVuMy0IGTueMk2AYo7w+xuYs=":{"valueMac":{"type":"Buffer","data":"Cphm0cxwnPJjYXEAs1r5wcLzowePTuZR7N5CIpyM6OI="}},"Ajcq5HUsYcU7MzSqIKGl6CE/z5aeeFhxZuSBbFZ4rEI=":{"valueMac":{"type":"Buffer","data":"5JRo1xyMdgkzGOO28BmG2i4r9IoLRVZWLw1VTyPgD8k="}},"0tpiRqwp6vJHku6JGXwtBa/ZPcTtFljALD2LBe/ir9A=":{"valueMac":{"type":"Buffer","data":"RQAHcrjmeoM634ORD5vh3lOoFQ2VVCn0iLnGE7Yy5X4="}},"3riYAdLOq8+AGKEz86fFbvNXRIghyEcFSvhtPtsKsck=":{"valueMac":{"type":"Buffer","data":"CMnGbNr6eTcvYwl+kX7P5I9uyH2Yfa6Mjm5+R14V6eA="}},"SEDvFgjXDxtGkxBzFzu0/oyIfOB7DeQz0JMgGuBMwdY=":{"valueMac":{"type":"Buffer","data":"QbiSsFft1yNCfSmo+PMr1ivI720FeXpQuW0M08Jcnvk="}},"7pxyj+0Lx16zsetcXs5D09I9577URtqR+fFOaG3Ym28=":{"valueMac":{"type":"Buffer","data":"ZwkZgontojr+d3oSAJAcdO4TYTXBXOAHEzxU/B+TOaA="}},"NTGoebV3mo+wbXf0oJXxEexDd+GRc8agqXpAq60Efe0=":{"valueMac":{"type":"Buffer","data":"JiXk1hv/eykfvfrz/Zxv1FpUQgp+vW0ioNYFTlMUfxE="}},"3l90f/Uk2vfnDfZBKmXFl/N9SU4R+gg3hPTwHf8P2Ag=":{"valueMac":{"type":"Buffer","data":"j1ibn86dJ7GlOa8Ds9bKqJOX+mlKQElkqWclVSeAYHI="}},"2xrHvWxKe4mYY+h6g4CbrqzCtC3zD2H4nJkj64Iq8r0=":{"valueMac":{"type":"Buffer","data":"Bd3miawqeuWq/XBEr28A1CrXJB6f3EBGz6pVUcswR8c="}},"4AIk7Zt1xOghbNOhfRp1SLg/C1SSp4J0b1GQ55pX05Q=":{"valueMac":{"type":"Buffer","data":"U4o47Q0ZHTfkoeQ3imU72eRra/bhH72867J4pvmLBdE="}},"N3m/7Cw5bFAhYWHrpyKId1FfDld8eM+l4yqm+eFImSE=":{"valueMac":{"type":"Buffer","data":"FO0YHEfSBoN9iuuiMlQV9Qs7Ya5TBAc2llHaJtUkKd4="}},"t8/ttBO6p25GCVOaxppEfeyf7mbMhwxJPcGgZFyf43Q=":{"valueMac":{"type":"Buffer","data":"rpNrqMWaizr71j5YZ3kYFwddO2+92oPdcaLtROYOiEw="}},"tCWwYYlISpyknqz/INl9CHH+qpzJWjPPco9kAEkWr0M=":{"valueMac":{"type":"Buffer","data":"rq0nRbdnTpF0HtJCp9/ZxP9Uf8OldeGpx84kqXYn0BQ="}},"lPJEFR1v7fhObje4ad5Z8fpvi+cbJSFQ5OHH/bGxw64=":{"valueMac":{"type":"Buffer","data":"6EG5gTc2NNGGEagOURF37NCnRI8UiX6bKHR2kEQlhgk="}},"vUbfmT0YUgZWujDiSnVqZjozts7YXHILtwCV6I48tJY=":{"valueMac":{"type":"Buffer","data":"Vt7XeaS2NT4rf5bFwEMNjdWC6Q1BNAArn8Imw1/PGqQ="}},"9xAiYST4TqVGuRZOU8Xix3vr1QFhQgr88GZjDTwZw7Y=":{"valueMac":{"type":"Buffer","data":"GwZE783Wb1peMRr7D4LeENeMhKTXYKYnUh+cU60s7PE="}},"Kvan7QvqmJoxEFmebkdHPAJULiNrLjWbnnOs+F7w3lQ=":{"valueMac":{"type":"Buffer","data":"Cyr8OayyZqn87ywRHKHmlS7fW0aoUNIwEdlQT/xFhLI="}},"V7QHH/s9Ng4CU+u098iP2P9H1ZVwCPUBYp7VhatJxYw=":{"valueMac":{"type":"Buffer","data":"BLZW7jzOYhG9r68x/9XcsOZBeGX58z7mSufBpWtC0Kk="}},"P17Ii19He0RUTTlEK2+suPe7PYW01dLzWAXk5wgvPIo=":{"valueMac":{"type":"Buffer","data":"W1x1WzKNJNb0ovMl91lu5Y9kzmz7E+9AhqLLtkRfL/o="}},"Wurg840+S+Ut0W357v+EdkXVZzN2PBKw655+zI80Rvs=":{"valueMac":{"type":"Buffer","data":"Pubk7PN9XSnowUDebtiW9wQQIE3jL8HAZBiDflUZ1uo="}},"zTNf67ZzxoO1+q6+Is10ikjf7WemhegrxNSqPBhJuJ4=":{"valueMac":{"type":"Buffer","data":"Zr5//qfjZGAFB3DJi/E9fHHdB2AgKazrUYov3zKtC5Q="}},"eHhaV91VnayR2qMv90F142brdFYtT3dQ7RaCG4a8jYs=":{"valueMac":{"type":"Buffer","data":"cweGAHURKvYZYSR6/ulqwLQMbA6o6T4AeLQz4S100ng="}},"3r67MIRXuMOA9plryQI4uvjmdPM8gLSgHalgTKIhFfY=":{"valueMac":{"type":"Buffer","data":"UtkVh7GVBsydIyyqtvrdXDHhuEqdRo9rLtAr//CuD/o="}},"18+zhQRLH+4dIJV+UbCTbLxsMgpuXwJiYMoZFj5xfNA=":{"valueMac":{"type":"Buffer","data":"dsouxUJ/MBl+RptatYhoECsuGvK3CIaW8BFBiFSa5M0="}},"TLy5WmvO/NR8gvv6jBBcHRUdae0Lt1ah1M9pLz1vAbk=":{"valueMac":{"type":"Buffer","data":"4XL6aTXSusGxDOSuPk1JeLyxB0V0nLJ9PMBbDYGNF/Q="}},"Mg/KxTKBPnLzKJrzzk7DY2h//o/x9jtqoBDxKmzscGo=":{"valueMac":{"type":"Buffer","data":"UX1I/uAxd4/X64wva71zyYPcaAw3tuURQMQmeq7Xzhs="}},"NwJUSiSt+9yPVLfUvmBskwdLi10BwPTnEcjypBZuHgU=":{"valueMac":{"type":"Buffer","data":"qPgbjo6ltxIbEgNgtnQo0ecsZakTw4eaACu+1caJvc8="}},"KkFHxmVjdU/beeQtVQmMxKeY0faqnx2Rm7NO786L0qM=":{"valueMac":{"type":"Buffer","data":"e+A3oQmy6n6yOnsEvK2TefKGwX+H0EWWZy/N11aOJL4="}},"prg7HjI1hXdArm8BUupuUP9AFM1Ga/OtcRweP02V+8s=":{"valueMac":{"type":"Buffer","data":"kafNnZNKmbLuPboP3DJmLpQiM/yOAqBjGzy4p6WfSNU="}},"gghkgjF/rkXr2bYjA4WvFzb5rffMtf/9c5GLE6ZkzNg=":{"valueMac":{"type":"Buffer","data":"dcwsTfFVHBu/RDTcUbB2oaK7gr6+Mhg366304BZb7qo="}},"0+ikL+pF6j3eamlRL+fnGEBrCUY8FSByIWevYBMTimQ=":{"valueMac":{"type":"Buffer","data":"tnfowMOIeHDoxjiOY1znYGbgMK+C+xc6UpW/bRFoqBk="}},"7G9ksmnE84iawwwUtBsjnqKRwkbETbPOonXSFLdeqoc=":{"valueMac":{"type":"Buffer","data":"Bfygo1sneYhjoD32FhHVxandAaRu6Ot/uCCEMxjwvsA="}},"jE864vbrXEdqIkgkBnRdtQepv4aiy8F1hiqMs4t4NyA=":{"valueMac":{"type":"Buffer","data":"uL7ABaj+e8sOW0qq0HxSPtt9mp9Xra2bmN1NMS9cxP0="}},"QGbpSSe7Bxb/WByNAdKS2yQ0MPVrVxtTU5EKVOGqYzw=":{"valueMac":{"type":"Buffer","data":"9bv80v5MBxOLt1wLQdve63pJXWmA1pjt8XzXThBONOs="}},"GiZOiw2ldWO9pUT5gYXWrqLak8GIeCXIervcOSfNKNQ=":{"valueMac":{"type":"Buffer","data":"BMOCkPKRPV8NmsarU13Y/o/OnICDpIsWhwXPYl5CRm8="}},"WS2COHQJqz0fHnYPEDaUiqVXMFL0kRx+LcDQ4kg6WFo=":{"valueMac":{"type":"Buffer","data":"1Wt81Z7BPosm3kS7pN2pJ5DYBRc/ta+zUExN56yc3oY="}},"AUue2Oogk6umYRdRd+/G/8rhf9pFEkUkR/3HIuo2I/g=":{"valueMac":{"type":"Buffer","data":"ABOKtq1oAlOxWeg7M7xoDKOXDuvmkmgyDuu9wmSptco="}},"NIRawCcvQNXXuTl3olnXOJN8ntrhQNX7Z37cH6x9hgg=":{"valueMac":{"type":"Buffer","data":"zYfnbiOioRPdHoBL07ijKe6peRmccbK//7kcGfFErLc="}},"95RQKoHU1dAD+NyngzuRXeyRac/rgX0jaUVDP/W1O4I=":{"valueMac":{"type":"Buffer","data":"STq02VVctnJ6eFhpR8VCjtrHLUFSJ57uX4a33gWuAyQ="}},"psYv3DoECcOYvjtL5CrPVFk2wLWYMyhHy6NRZCf2BWs=":{"valueMac":{"type":"Buffer","data":"gdj/Gv/bNxUHEdusMiFAHn+xM4yorincwA3Xo4GeewY="}},"j+1T2R76dhyBrtmkdbB3Au7SF2ISWPsbD0EVzWtDd+I=":{"valueMac":{"type":"Buffer","data":"XRCXwlF7r9NcaGQpdXLgm8WvZRTF4xEp186OeriBAOQ="}},"mDuMTL31C4Fln4seBwUTdHXvsuvECBpRQbGib99zMDI=":{"valueMac":{"type":"Buffer","data":"w4/WLuATKsUS7iS2R/5TVlQ2wxiP/aLnwxZxyJIlw/Y="}},"YQ0ZjbBiK+vuwAAfYqxseLqsV8Pgrko7ZuOmqAqEAGQ=":{"valueMac":{"type":"Buffer","data":"4VqV803l/Xi9f7sOuaqhmkxmYBjTrPLz7lJ4D5lfdGw="}},"TOKSwcZmGDEFWZsspA65E1anlOq3AZNZE8Jk2FFUbmA=":{"valueMac":{"type":"Buffer","data":"dIvdsyP3fGXvOsEu9ESWsJ+YmtAbxDh+oY6Hs7dptYI="}},"r/30RFro7Xg0nZ8mQnDZFZwwNIWDUPunnf8T4tBCSzY=":{"valueMac":{"type":"Buffer","data":"ARqrCkisqTaYkVft2rcVhX8Au11d1jMWPObj28h0/9Q="}},"N/cIKoO889j3vRIpsZewDYo1LBOU4GOhaWPHqvwaxu0=":{"valueMac":{"type":"Buffer","data":"9JpMrUyCbABsixFAfXvQpR89pFaMO43ud2pbmkSzcbs="}},"tQWcaGoorHzwcOdqGsiIhZiPMly85t/JtBvmeE0KZrE=":{"valueMac":{"type":"Buffer","data":"5c/K10g8CcfiXGVZ3n+u7e0UpIV5/xhr3uRn51leoTI="}},"498NcygLYWLMv7Bj7ylpokIQWCt7c2BJr48D1VUIOcI=":{"valueMac":{"type":"Buffer","data":"+y5sq5hsycnm/s9kM54WqrGKc3eaqk8SBjX/13y5EJA="}},"1B4uz19qWyhP9yKfryAPZnlNMB4Qw1bLxTmx4m4qa8k=":{"valueMac":{"type":"Buffer","data":"x9O30IorubzseRf1NB7tZyDAQ3UpOfS641BfTv+8ixE="}},"aNQLNsjQhxVobEMlXbl/WESJswmobIw9PiL/y/qjo0s=":{"valueMac":{"type":"Buffer","data":"zbWWgolOo4V5yfivFSAsfSp4WlC4v0AND1RDpx313BM="}},"wd38h5pFKGuQoq+Rn54x7trBTwpBOCtZqrWV3lR0XyE=":{"valueMac":{"type":"Buffer","data":"ijM15nnYbXlomo/PLxh3DU1+mPsRd216UnThvz3qCxU="}},"U+NDJeIf4+4Ph5PXlRB/uR62SJCwJgbJftOJmCKbmfc=":{"valueMac":{"type":"Buffer","data":"Ozd3s1/d9U8DUytMjkCjRdTpR+3T7cak2VdQ8RruKVo="}},"Rsn50/fO8rPQHPHNkpNjMcSuK6dqUVSisjkGagHMzos=":{"valueMac":{"type":"Buffer","data":"p/xtswUVuwTlIsE7YfwXbW2wNrHe9VpJ6dvDUbWYwG4="}},"v6l9pQxp+Yh/xyYtMIBdVHBz0so+Dg/jAGagNok0dQc=":{"valueMac":{"type":"Buffer","data":"NQ3njFJIOSxYrV5/BSE8wQSMEKNwDEfMcVANFNVVD6s="}},"5G5Vdrk5TY1d0V8vtj6PB2yTbKhoM96pm3NY2tOIN5I=":{"valueMac":{"type":"Buffer","data":"UhAmZ+DWL+Sah6UhI59eyOFThFx/zkSWcEf0SPR1Vb0="}},"Ezvt3B9S91IISoe9pJKvgWyD90Ik5sp4TQ7vHJYQipE=":{"valueMac":{"type":"Buffer","data":"bxThWDT8lhpOpCbsLUUnHGxeDYAUCvfmvRXwW7psN1w="}},"jMnXfEC39+exVq9qZQcK+QoQkWyT1TQkxcxcyQR2NiA=":{"valueMac":{"type":"Buffer","data":"EHXp0zHwF7q+XdlascfnY4UbFAyR3yVUGD2TneaYSdA="}},"WDGG8BngBvI+wXZMxpT79bZ9cfmQ+NZbeMDrOWmYfxM=":{"valueMac":{"type":"Buffer","data":"ay3pKrzfxPvKgjILV87luaClidOnfi7ehEIsV+KjAQU="}},"N8SHyERQId+3hBxC0MfboORzDgf7lVocyqZmo2zhZws=":{"valueMac":{"type":"Buffer","data":"Kk0cXGtpY7IiseHK/z0Xo+Qme7ThcTTd1mT7tMABz8k="}},"JVHHBJ0226izvPCiMimfskbcXkSBKe6bv1ZQusZy4yE=":{"valueMac":{"type":"Buffer","data":"Crypb6sUB6FIHoFmndK0mfcrdx78v2B1BtzMlCIzG4E="}},"9j6ZW5655GleOLEEvkNTcyZ0rZ1TteHrmRCz/k8AtbU=":{"valueMac":{"type":"Buffer","data":"5OV0LM2+mFWZwhOgAAHvI6luFUUkm4/3qTybLoVbhrE="}},"SOidA86GVWa4UV6e78DQRB3qj0TqpxE4c57q9exwk8o=":{"valueMac":{"type":"Buffer","data":"u73XVthlA9r2X+m8q/L/sedWd5D93GD/9UKA4OLAmfk="}},"tmwAxNk/qEmsYbSSkxpvEfKdtqhkOVnw1WTPRkCK9UQ=":{"valueMac":{"type":"Buffer","data":"wplyuJGMZ7a+H9GluknsM1f5GdEOxKnWMLMIZlFWq2w="}},"tygiouGNbnGijUzRKzTx20l6ayslBxuUgIXx2NFhJyk=":{"valueMac":{"type":"Buffer","data":"Z2zIaJ8D+z+VulvBlsfcYj/jrT5IRMEdJ9FXPy4Opf8="}},"OJBwerDzBchavgR8eRKk+QkmNixQSxVKpbRH+LZfQoc=":{"valueMac":{"type":"Buffer","data":"X/2tnNCirzwq05a2sMTHBH9215+xjSMkFDPqJWnTAp4="}},"xaKqC3LwOEkxOjkTB4fIQciEVlVVCjyoKMHtmYDSwKs=":{"valueMac":{"type":"Buffer","data":"SiEmG+zAN4Vodg7ciybfiQv+ZQkcZkzgeZrXMPSFTLs="}},"7WFQRJISomnfO6NqM7idu+Lfp5GGhXSGWGKmALB8ZYg=":{"valueMac":{"type":"Buffer","data":"ZA0JqhzKNTGFM+mKgpP97AEgb4+OpGAep0585FVo5J4="}},"vVn7WSZCanYHigz6+sDMbIBHGuhV5/ojIKDn7c3t8j0=":{"valueMac":{"type":"Buffer","data":"hUX9+OIucAiBQCfb0dCT9A420GQm3ZX+z0olEoB/M0s="}},"/ahpPm8MB+SB3bsOqr9dZt3uIg5Q9vvujdUWShKUaO0=":{"valueMac":{"type":"Buffer","data":"Zqb3HjREc2XZnW1YWhQ+1PQRqIYLAmzqWt0MOty/dCM="}},"EZ17tvs/OaP+aiD1FjR+/9BS1MPfWvmaTiEGdz5a/5c=":{"valueMac":{"type":"Buffer","data":"bfqhRR3BX4/AkzlwG2MGa2pETvIylXqXksakJWpVhv8="}},"BtMPZMD0kMYpVtf2K1GMKaBsO/O0f1vo1IWnrDnbPR8=":{"valueMac":{"type":"Buffer","data":"/J10r1ya1nRzv8AO9KpJRS5h4b3Otv67p6pwdg3kk7s="}},"TTnqayBRHobZFWwTKDS/bo35UZkh0UHlzd73BMZDbVU=":{"valueMac":{"type":"Buffer","data":"mvsS0tkXERuaRcnM7O+1IP+Sbv8/8S+uKgqaIoGeiR8="}},"uBIRT7Xq1W3rB7/1z6GqVOR5GRec9c3oJanryah+mc4=":{"valueMac":{"type":"Buffer","data":"f7SwoWEf13kW0Ihn1JyamswpJ3m5JTffib1hVRFzv/s="}},"95pjbNOFvgzsvA8Pd86+X3UPvXjJwc9U8ndCAa5zbE0=":{"valueMac":{"type":"Buffer","data":"ylWaNfJwNWpf4T5HnQVlomFNR+KroYzQ5MSX8vAO4zA="}},"JAUasjFnxvd8zGdQSMMFhGZo6s3WWuWfqrV+i/2sooo=":{"valueMac":{"type":"Buffer","data":"AffSfjjdSmtJoZljzvSU0hHCvY6gMTEwgJEvxPHTz+E="}},"q2xfYb5DNt2H02G+1cckBkDLyJugqIS36Q145qHBG7c=":{"valueMac":{"type":"Buffer","data":"SFPa1cBBeyAQolyLmr4XeJAlXXoJhMLO8jgBwoyz+rk="}},"Q/ufsK6DGIVL1Gquc4hqSqvxQAWuwK7Rfs0GJhHZmr0=":{"valueMac":{"type":"Buffer","data":"SPRuZTqElgffV2kmwdKnguB+RLoRxipJc2Br0MgA/dk="}},"jAlzaAsDUPI3YOATwWsx1Br3gK7DKBMEdT2pe6qsD4E=":{"valueMac":{"type":"Buffer","data":"8N+Era4n/6nFfr3qyoT44sMx2Q3DKm3WLxf/jPjqVGg="}},"5IJGkZzQ0OUt+Lhb/VAyLe91SbKwDPn89umd50grU7U=":{"valueMac":{"type":"Buffer","data":"LShxjmQEz0pxPZLbwric9WE8cPztnB57tIUk84WHSGw="}},"exGfeXHkXIFSjh/HA+mB8v4TWPPrDIMRIS6RFoUEpLY=":{"valueMac":{"type":"Buffer","data":"09Qz7NVXVfFuB8jfRQ9iUUvKqVplC933s66HY6loR30="}},"tkAbxRYwVmapIXgRP34uTXkJlJq5tvn2e4Wyn6xupDQ=":{"valueMac":{"type":"Buffer","data":"W0nBXTdwxrbI3O9UbDBuTzoEHrNjKUsZHELCQghgI24="}},"9RBP/4kl/OhzoWsTqi2KAEEZn1KY0F0sk83MZKAnS5Q=":{"valueMac":{"type":"Buffer","data":"6dwjw42dE48H21eywdMHoTOyAO6UXfH6UMDFNYCpHVQ="}},"YxmKun9l0csalVFdHGcb9dmh//mOiEuOLeLkBhH0aT0=":{"valueMac":{"type":"Buffer","data":"CjWeufZaBG2lMvJ8xA9VoKuIQ9DXss7NS1SyCeDKOv4="}},"gsilBWXaAwdiY3sTjfHUoGPVTcr303fqiRSd7K1p+zg=":{"valueMac":{"type":"Buffer","data":"VeMS9sMnI6HEiXUeDOfpofHfT8VWt/BG/+aTps0RXgY="}},"yi6Nb+D1RxSm0GgP1wSzP/FMujOODyoo0RDZA+LNDuI=":{"valueMac":{"type":"Buffer","data":"UcgOGRcjo/XAfJz5K63soSGJHlk5gkpl6HKjo5y1cDU="}},"Sb09HlzV0aOuKu6uHoDl3JYosLFIcVYYKsg+BpjwuBQ=":{"valueMac":{"type":"Buffer","data":"P+3zsTGVAYjy/vMbB/IafP9KsidAR8a1mHfQ4HW+ars="}},"tz0aABlykqCQOpuTBASMJNSKrreI1Y73Hq/SjgRV2F8=":{"valueMac":{"type":"Buffer","data":"sCiCZT/hfoIJKq8bfqZyhip3JzY6goIdzv8VZkOJG90="}},"QZcXnjaE1I8YKa0+gYv6E89l5c1qTtgrYz38DBCQoj0=":{"valueMac":{"type":"Buffer","data":"OKwHXycsowQcc5sHaUZE2aPq7rd5V5lE4MObpN/MeLM="}},"WWs/bBM7KwiDdSDJuGKp/aDmMOf2CF8/liCpmY9WSXA=":{"valueMac":{"type":"Buffer","data":"MZMQuYQ0IEZuorKb7TiR/zHkV+1jA/021Eigbonkhl4="}},"3i4CiLntvCuqLk6UPOdV6yU5kImusL/MiQh2SHeLxBE=":{"valueMac":{"type":"Buffer","data":"oibTdmVKkrXtgOmbg5ciWs64GiF4okJRfIwPB/OIXzY="}},"VxEyoocUr6HmuJ/ItO2hvrnybFzzmyTVg5faiNeRuKA=":{"valueMac":{"type":"Buffer","data":"6aHWc/LB6EiDRjSCe+kq03a0zSFkSc3xnCAYvbVWHnA="}},"KYKhdSZuigW8W3WZBYZIGVp/pLzrgDMnkOIZhAx08yg=":{"valueMac":{"type":"Buffer","data":"fgRmpyDmoRDBjyoAWNEkj3n7rCjjSvc47cQ0pM+xdX0="}},"sdLfBCnDVjQq6KMnAyxVREzqFy3LxeOMrgLQGEigh54=":{"valueMac":{"type":"Buffer","data":"8D3FHcELi9fZO6PO4hRfC9lJZa+UgOetMcpfo/N6FzM="}},"z8mlcuG/YFCA1IXB4OIYP/tcjg05f+pEm4+KhiOGQjg=":{"valueMac":{"type":"Buffer","data":"au02205DHRiicnfpfcnaoR9nhdKSd6WoisZhmzOWnuk="}},"W09EzSUhXA1562AS6PNMTR117JcHVnUJCIbNJSVz8nE=":{"valueMac":{"type":"Buffer","data":"oDEMP9lW9hDHdig5Rch/s/ofjrgEVlh8wm9xYqSfzZE="}},"FpADk0qUp91MJxlkJDGk0TjAbmP12vsjEbsyfsNrBVU=":{"valueMac":{"type":"Buffer","data":"oQtx+VisVdVuJB6Hiuxkj91e5j9KGls5OzN93LRVKRM="}},"tKxlby/g0pqjmes1QowOsJ8ttOe/RVFmJ55Fb8GsJ4c=":{"valueMac":{"type":"Buffer","data":"j+QGfLdz5HT+jyzBwdb9xHBV4I+iJ1OqzQ4w1/vg9LE="}},"aamjMoEaibus4kuhmYpamQec1wEsqNQVz1OlRgUz6s8=":{"valueMac":{"type":"Buffer","data":"ohO1KfvHL8KZ2nfMkaIepZ282PVwFBH2yhbhJPRcREs="}},"jvT2R6VpnEbt96jpPL7i8mc6M4doX5rpRvknUzIXWDk=":{"valueMac":{"type":"Buffer","data":"cGnwl+uAtef3jhRceIyBb6oOujVb2T74PWJyNBh4SdM="}}}}