{"_sessions":{"BQN4QHz+IJVK8yKndT/im1bzX6HCyAu9IXP+vn5B2LY5":{"registrationId":1984797695,"currentRatchet":{"ephemeralKeyPair":{"pubKey":"BQz6a6qX81cQy2CrkJgA+gbhR5ZcjLthQb5gpWtZFcoB","privKey":"MEOJYEP1U3I7SF19My6QM3GyRIlUXrmG0H1DLyniKEs="},"lastRemoteEphemeralKey":"BdmKZ0xOQg17nkibvLAVab99M/lrM9cteXxIw62EWxk0","previousCounter":0,"rootKey":"xe4Rzb6IPItzJKhinToZmI0R4JtiijHo9IwhZEhg+iY="},"indexInfo":{"baseKey":"BQN4QHz+IJVK8yKndT/im1bzX6HCyAu9IXP+vn5B2LY5","baseKeyType":1,"closed":-1,"used":1724522476488,"created":1724522476488,"remoteIdentityKey":"BVufqLXC+ameMe0jwTggTXP2mBjQxXYpwOYkJ/MnYTQL"},"_chains":{"BQz6a6qX81cQy2CrkJgA+gbhR5ZcjLthQb5gpWtZFcoB":{"chainKey":{"counter":0,"key":"GwM96/rQ3aIjmQ2Y2QHX/AAB+1qFOOV9EVPrMRPaQxY="},"chainType":1,"messageKeys":{}}},"pendingPreKey":{"signedKeyId":5,"baseKey":"BQN4QHz+IJVK8yKndT/im1bzX6HCyAu9IXP+vn5B2LY5","preKeyId":1498817}}},"version":"v1"}