{"_sessions":{"BXTPFjHgdwOsAr9FppBKCm6v2UVsQC1jJ8jY9VmnoABE":{"registrationId":11219,"currentRatchet":{"ephemeralKeyPair":{"pubKey":"BeHihuiCsFHGkBomiaAa1Galdejd7Bus6Qz2iS1J3hke","privKey":"mN+1xIVcHCAyISCzLtqF7CVVN/hE2CZEMiCt3HFMLUw="},"lastRemoteEphemeralKey":"BbMk2V1wcMaQxAyOQcEwGxIzoLOrtanxoVD7cgihfPo3","previousCounter":0,"rootKey":"JI3T6l6AwxKxNICD3w02+W/g5VP71KXqsdUXR01bG8c="},"indexInfo":{"baseKey":"BXTPFjHgdwOsAr9FppBKCm6v2UVsQC1jJ8jY9VmnoABE","baseKeyType":2,"closed":-1,"used":1724523101663,"created":1724523101663,"remoteIdentityKey":"BV76ZCKbOFXvNG5VcncG9rPFvtc1gMBCTBM9GzoyzhJo"},"_chains":{"BbMk2V1wcMaQxAyOQcEwGxIzoLOrtanxoVD7cgihfPo3":{"chainKey":{"counter":2,"key":"j4j3aW577SC1r8IA/ud6Q6363atgeEe/8blVIw4mZqY="},"chainType":2,"messageKeys":{}},"BeHihuiCsFHGkBomiaAa1Galdejd7Bus6Qz2iS1J3hke":{"chainKey":{"counter":-1,"key":"Hh5BgdBvo6Bw5ABCZqDmlXhnJ3dXVXBgaYhNsx2tpp0="},"chainType":1,"messageKeys":{}}}}},"version":"v1"}