{"_sessions":{"BRFPsJsLVDjV04eXzWKu6o/qCaYJiSdDQiMltOo2FUhF":{"registrationId":664632726,"currentRatchet":{"ephemeralKeyPair":{"pubKey":"BUzZcavOX/OFpcsg1UlLLjFRRqTJIX0LkD3DYyqb8CA6","privKey":"CPL4bDuJljvReAsdPGzQx/lQMpz3MSbFwyvrhi1ZYmo="},"lastRemoteEphemeralKey":"BeajHpXS013P+B5jzLJ3OhHY32RYInwBr8JVrDdFy3l4","previousCounter":0,"rootKey":"A8uQu51XyW3b77znVAmwGAr5csniHqa2NOHheTDyhIs="},"indexInfo":{"baseKey":"BRFPsJsLVDjV04eXzWKu6o/qCaYJiSdDQiMltOo2FUhF","baseKeyType":1,"closed":-1,"used":1724522476567,"created":1724522476567,"remoteIdentityKey":"Bd6ROJXNsHpWjZYkhr6Vx9lQyvSpDdHl1OQu229EnWdB"},"_chains":{"BUzZcavOX/OFpcsg1UlLLjFRRqTJIX0LkD3DYyqb8CA6":{"chainKey":{"counter":0,"key":"kozPcu5Zx8+ZnU0AO0Pq8TjhmMctPUUwE2qgti4nklA="},"chainType":1,"messageKeys":{}}},"pendingPreKey":{"signedKeyId":1,"baseKey":"BRFPsJsLVDjV04eXzWKu6o/qCaYJiSdDQiMltOo2FUhF","preKeyId":12493606}}},"version":"v1"}