{"_sessions":{"Bcdd2IfrgqAuoMXWoaxRMkJGsNXmwKP/LfWg13+mbuIb":{"registrationId":65617013,"currentRatchet":{"ephemeralKeyPair":{"pubKey":"BeBCmUETuM4JB5Hx4WvgqjfA4x2wZrjxxv49bTDFGNVY","privKey":"gGAzdPBCm066U0z3hRUJU5inxRGFR0FIIVmCMudxA2E="},"lastRemoteEphemeralKey":"BR7kc2TQEC2vWEqgt+fdeke9BavmRVkxKM1JrWTodTkr","previousCounter":0,"rootKey":"ZDEXsE+Jjk6iOus4cSMt7G8tGVfKINJ5uejNNRyQNSY="},"indexInfo":{"baseKey":"Bcdd2IfrgqAuoMXWoaxRMkJGsNXmwKP/LfWg13+mbuIb","baseKeyType":1,"closed":-1,"used":1724522476617,"created":1724522476617,"remoteIdentityKey":"BZuSgzB7hF8j7n/KWhaYfOcSPhaEMq6rzosy+U18y4B7"},"_chains":{"BeBCmUETuM4JB5Hx4WvgqjfA4x2wZrjxxv49bTDFGNVY":{"chainKey":{"counter":0,"key":"+6qNtN/tofttRGApVpD3xLJ5iJSwKgXvWoeGSVXoc4k="},"chainType":1,"messageKeys":{}}},"pendingPreKey":{"signedKeyId":2,"baseKey":"Bcdd2IfrgqAuoMXWoaxRMkJGsNXmwKP/LfWg13+mbuIb","preKeyId":6564201}}},"version":"v1"}