{"_sessions":{"BZcXTNvCQNk/qjgz2P9O1HT8iWqKjZ6G5iedL9gJ2MId":{"registrationId":1803197238,"currentRatchet":{"ephemeralKeyPair":{"pubKey":"BYyhmYs+e9w6/cbUWuxjdVF4AAchjAnUIKOOr5BTCcVd","privKey":"AFY/xfx8I8IekFU3QcHgDILBK0I91glutK+eXQR5708="},"lastRemoteEphemeralKey":"BSYBj09WHgzNTxamqgQQG28BiR5VxCFBTBzGmQIBFrEb","previousCounter":0,"rootKey":"Knz9yAHDwP2qecwA7mkkyrsWqk0QfZQQQHNCtELF20c="},"indexInfo":{"baseKey":"BZcXTNvCQNk/qjgz2P9O1HT8iWqKjZ6G5iedL9gJ2MId","baseKeyType":1,"closed":-1,"used":1724522476522,"created":1724522476522,"remoteIdentityKey":"BQ24ul0jDbRBT6LGoSixcqynQ4nLtlbFs9m6Z01b1Bk1"},"_chains":{"BYyhmYs+e9w6/cbUWuxjdVF4AAchjAnUIKOOr5BTCcVd":{"chainKey":{"counter":0,"key":"VMXTWYYjYbrKvyuvbOB/ZT4IVQHT7lMVIDr8x+iooK8="},"chainType":1,"messageKeys":{}}},"pendingPreKey":{"signedKeyId":1,"baseKey":"BZcXTNvCQNk/qjgz2P9O1HT8iWqKjZ6G5iedL9gJ2MId"}}},"version":"v1"}