{"_sessions":{"BepMC7FZ1lQ4zXGQjmpKgX2KlqIouL/6DlVt34lsj6UD":{"registrationId":1639236299,"currentRatchet":{"ephemeralKeyPair":{"pubKey":"BXyN6xPZRKejftnLIP4z2A084NMsne2+0ilR+UH9Fboc","privKey":"qMJ4eZQKQRyrx8PENqZ2xS6gqQlvDBGn2Fvye6FhfF0="},"lastRemoteEphemeralKey":"BXVpDb7G/7LZjS7qGIN8FS+4/WxjB+5gffLPmHkGpEkt","previousCounter":0,"rootKey":"MWiv20+Yka8lyOCTLJ50J/0BarrzpiHfgtT5EZenVy4="},"indexInfo":{"baseKey":"BepMC7FZ1lQ4zXGQjmpKgX2KlqIouL/6DlVt34lsj6UD","baseKeyType":1,"closed":-1,"used":1724522476589,"created":1724522476589,"remoteIdentityKey":"Bek1YKO4eCaZwi1R4tmX3GwKpbcnS/w9xY35sd4A+vkX"},"_chains":{"BXyN6xPZRKejftnLIP4z2A084NMsne2+0ilR+UH9Fboc":{"chainKey":{"counter":0,"key":"LkUnUH7FKSxUC2KaU46p/44QLaGXMoOqV3LxvBzq6ck="},"chainType":1,"messageKeys":{}}},"pendingPreKey":{"signedKeyId":5,"baseKey":"BepMC7FZ1lQ4zXGQjmpKgX2KlqIouL/6DlVt34lsj6UD","preKeyId":1936878}}},"version":"v1"}