{"_sessions":{"BdceLqwqcnM1MAdg4AiBeIYpgOsnHrCioh2T+YIwECN6":{"registrationId":846310592,"currentRatchet":{"ephemeralKeyPair":{"pubKey":"BWzwPRXSoy80B26Yn1rQVf3quF4jrEA3ygqAtPBO3JhO","privKey":"+D2f2uqNaUgoTYbPKXMTMFOmZfccqvpgO+EsGdkVOEY="},"lastRemoteEphemeralKey":"BRxSGeXwTDe6zY4pqoXeme9yVGAFmcjAQFiSk1DW9Edx","previousCounter":0,"rootKey":"iLh+Lkl1+9646059ewFcHmlW0O7FmI6G7fc0Y3FL3j0="},"indexInfo":{"baseKey":"BdceLqwqcnM1MAdg4AiBeIYpgOsnHrCioh2T+YIwECN6","baseKeyType":1,"closed":-1,"used":1724522476558,"created":1724522476558,"remoteIdentityKey":"BawFyiggV2BGxZx+r0nEsNS50ryrq+TAde3d6EIo/ME/"},"_chains":{"BWzwPRXSoy80B26Yn1rQVf3quF4jrEA3ygqAtPBO3JhO":{"chainKey":{"counter":0,"key":"ZqQLe3s7PUB2A+1t+Cg0z9Er1ZtDpPG4Y08QGz80djA="},"chainType":1,"messageKeys":{}}},"pendingPreKey":{"signedKeyId":3,"baseKey":"BdceLqwqcnM1MAdg4AiBeIYpgOsnHrCioh2T+YIwECN6","preKeyId":10349362}}},"version":"v1"}