{"_sessions":{"Bc21Hk/IMBj15r1DG9PGb92iOxawfseqcY4V7+xMUPxW":{"registrationId":382218738,"currentRatchet":{"ephemeralKeyPair":{"pubKey":"BYLR0TGUMebJawkbYFMvGIPd+UQ6PO4rj4dEQfJjjWFG","privKey":"AKDZ6ZJZuLiIvyPwEqyG2q9ocMSBdYcJ93FVL+xpZX4="},"lastRemoteEphemeralKey":"BSMrec/ejnYcjEBoCnhcYFm/SB6IHWIGH79Np6UIOXkr","previousCounter":0,"rootKey":"ljyFSIDmEgxKpfxi6EGfvfkAq9ME+SJxkm7fwQppU0U="},"indexInfo":{"baseKey":"Bc21Hk/IMBj15r1DG9PGb92iOxawfseqcY4V7+xMUPxW","baseKeyType":1,"closed":-1,"used":1724522476614,"created":1724522476614,"remoteIdentityKey":"Bch5NMfmvcrxSU7qjPVyoszvwjVhiH9gJ4nxnr8/C9Bz"},"_chains":{"BYLR0TGUMebJawkbYFMvGIPd+UQ6PO4rj4dEQfJjjWFG":{"chainKey":{"counter":0,"key":"G1f9CN+rxLitkkAcShaGf9OzMdVAsHKwj9HvAbfXxpI="},"chainType":1,"messageKeys":{}}},"pendingPreKey":{"signedKeyId":21,"baseKey":"Bc21Hk/IMBj15r1DG9PGb92iOxawfseqcY4V7+xMUPxW","preKeyId":5212874}}},"version":"v1"}