{"_sessions":{"BbeCCDjs8oMlF1EfPJcn5U5yJYNU+KQTH+CkJSZlggIN":{"registrationId":1425288306,"currentRatchet":{"ephemeralKeyPair":{"pubKey":"Bbk4Q4l6LjHucQLCayLCtQ11gsxGxW1XgsX1n0klN6Bx","privKey":"WHNl0ts0JYPNv5bJNz0dMt9nHKVATSUguySiSnjxOkU="},"lastRemoteEphemeralKey":"BfI23MllIxtAAMtx66nqo7cx+2zU1xzuUQE4lvaHUn0Z","previousCounter":0,"rootKey":"jdxL1Rm4Y/3hPXT0hFJ6OSg89vh5lmahbaE9LN/R+FI="},"indexInfo":{"baseKey":"BbeCCDjs8oMlF1EfPJcn5U5yJYNU+KQTH+CkJSZlggIN","baseKeyType":1,"closed":-1,"used":1724522476583,"created":1724522476583,"remoteIdentityKey":"BRTVMs+wnbcuJjwK9bcmUqEhJflEcLY8cepeQek0Qw8t"},"_chains":{"Bbk4Q4l6LjHucQLCayLCtQ11gsxGxW1XgsX1n0klN6Bx":{"chainKey":{"counter":0,"key":"yTVpd4WNutoMVHymJmoXgJdlRhN1GhpIlvavKoDdY/M="},"chainType":1,"messageKeys":{}}},"pendingPreKey":{"signedKeyId":2,"baseKey":"BbeCCDjs8oMlF1EfPJcn5U5yJYNU+KQTH+CkJSZlggIN","preKeyId":4536843}}},"version":"v1"}