{"_sessions":{"BWCxpTSoP8IYx0Ab4RB/PElyoD5nwdrMWimcLphTA8cG":{"registrationId":1918730602,"currentRatchet":{"ephemeralKeyPair":{"pubKey":"BcBwD2r961NMfnnq2xY/CsTGf9UaEvoH/maOCTKvKAIt","privKey":"4AmSbqZDbJu00Da9/vAd9N18zvI2DD5oW4X1eAECjXY="},"lastRemoteEphemeralKey":"BbisPrHQjYXORs2zwB+f7Rt4BqInNdF2yV9mUU48AfVn","previousCounter":0,"rootKey":"kF5esmyziOWkxvkqdpGMb/CQnJorz7OjgWcJdv1yv68="},"indexInfo":{"baseKey":"BWCxpTSoP8IYx0Ab4RB/PElyoD5nwdrMWimcLphTA8cG","baseKeyType":1,"closed":-1,"used":1724522476511,"created":1724522476511,"remoteIdentityKey":"Bdqllh1q/QbR9gJNMThfUt5barpwi/1MDLNscTO2E/wj"},"_chains":{"BcBwD2r961NMfnnq2xY/CsTGf9UaEvoH/maOCTKvKAIt":{"chainKey":{"counter":0,"key":"wDZqt1XBvD4PAWVutcobb0bD0IzCDV7e/hmQB0jniH4="},"chainType":1,"messageKeys":{}}},"pendingPreKey":{"signedKeyId":3,"baseKey":"BWCxpTSoP8IYx0Ab4RB/PElyoD5nwdrMWimcLphTA8cG","preKeyId":12524620}}},"version":"v1"}