{"_sessions":{"BRtyCrDKHAMIz2PZKdWeu1L5rWwIO16TfO6brLCXyiEz":{"registrationId":1657713095,"currentRatchet":{"ephemeralKeyPair":{"pubKey":"BcGy3DthshwzNA27J9Hh/B2bGsP/tXkO6P0f/bbY3atr","privKey":"0Hmv4hsgSMbLmCOGL63Z5g84HAMQR9Ya3w8DOrSMcWQ="},"lastRemoteEphemeralKey":"BRb2JI1MhjnhXh4z+7QExavLdhEEL2w9FAQMb5IKADly","previousCounter":0,"rootKey":"mSAR8k5I4tZqWPLGzP0qK7lW1z0Zg6vgUqC5wwNPoPo="},"indexInfo":{"baseKey":"BRtyCrDKHAMIz2PZKdWeu1L5rWwIO16TfO6brLCXyiEz","baseKeyType":1,"closed":-1,"used":1724522476504,"created":1724522476504,"remoteIdentityKey":"BdQ+/W1b8xco3CxvGAAGeNL1g+u1XTQhK5J1rCZxA7E7"},"_chains":{"BcGy3DthshwzNA27J9Hh/B2bGsP/tXkO6P0f/bbY3atr":{"chainKey":{"counter":0,"key":"fWCCqFKOdjfYBiZrIPjyUlXkF9Q1Y6YJrjxojpMSLyQ="},"chainType":1,"messageKeys":{}}},"pendingPreKey":{"signedKeyId":2,"baseKey":"BRtyCrDKHAMIz2PZKdWeu1L5rWwIO16TfO6brLCXyiEz","preKeyId":15161835}}},"version":"v1"}