{"_sessions":{"BY9mlHLw+E4C8fFn9U3lqZ8D+GI4zr/ofd/aF+FP6GE9":{"registrationId":425647817,"currentRatchet":{"ephemeralKeyPair":{"pubKey":"BXtM0xwTPqOzmgxY2ncG1jF9jrgG9ESR/WI2mDdUkIJ8","privKey":"KL2aLhfTaoBUX0v9BjbTK762+HDG107J5EesRoLHiXU="},"lastRemoteEphemeralKey":"BT/DSoqxIejg7daf89KYd1r39L270dx+LWNA2XUNRy19","previousCounter":0,"rootKey":"MLlyrNdwUl5gWEAzBvARJkrZW6FMBwo9PgMmJWx6j+k="},"indexInfo":{"baseKey":"BY9mlHLw+E4C8fFn9U3lqZ8D+GI4zr/ofd/aF+FP6GE9","baseKeyType":1,"closed":-1,"used":1724522476472,"created":1724522476472,"remoteIdentityKey":"BTA6nudH3PpCjXtoL16ECemzP/cbhWAtQmpUaFj2ctp9"},"_chains":{"BXtM0xwTPqOzmgxY2ncG1jF9jrgG9ESR/WI2mDdUkIJ8":{"chainKey":{"counter":0,"key":"GQ/CYSkZ3d2HTI4zc5fijGRtkEzQrcmqUREfP6vK50o="},"chainType":1,"messageKeys":{}}},"pendingPreKey":{"signedKeyId":1,"baseKey":"BY9mlHLw+E4C8fFn9U3lqZ8D+GI4zr/ofd/aF+FP6GE9","preKeyId":14470510}}},"version":"v1"}