{"_sessions":{"Baii7GTXUW0p2t8rYNHYJC3ol2IT3GA1elAgX6QgrNNu":{"registrationId":10712,"currentRatchet":{"ephemeralKeyPair":{"pubKey":"BWXzP6p1TFT6HJfEstn3zAis2AZj4YFwXY5/3biI9EoK","privKey":"OLUY6eeiGQ40G9l/xxivCc5gxo5pE5spVbka0gHDf3Q="},"lastRemoteEphemeralKey":"BU3Pj6ozRaXZ/qL1CD+/RCe72N8w1E9VzDkzavd5YXtC","previousCounter":0,"rootKey":"znH7uRGAC7yOe6k/0XWrkEJzOe/zsEfAf8V1POu8Y88="},"indexInfo":{"baseKey":"Baii7GTXUW0p2t8rYNHYJC3ol2IT3GA1elAgX6QgrNNu","baseKeyType":1,"closed":-1,"used":1724522476426,"created":1724522476426,"remoteIdentityKey":"Bboa4/+thBPnsJ9/LrkUSc0OWOv+MsFPlQtt9V5sNWko"},"_chains":{"BWXzP6p1TFT6HJfEstn3zAis2AZj4YFwXY5/3biI9EoK":{"chainKey":{"counter":0,"key":"7qrhJyvH2OK5NYeDeieMg01s+m0OGDHRnnxyCw9Zz9k="},"chainType":1,"messageKeys":{}}},"pendingPreKey":{"signedKeyId":1,"baseKey":"Baii7GTXUW0p2t8rYNHYJC3ol2IT3GA1elAgX6QgrNNu"}}},"version":"v1"}