{"_sessions":{"Bb+kq4yG4AIdmO/UbLUsr76DM2j/HkJTc1B2DfsAbsMB":{"registrationId":1113525513,"currentRatchet":{"ephemeralKeyPair":{"pubKey":"BUEto2Cv56Cmfqs0zsEESrEUxQIvfIfotQAncWPWhnAV","privKey":"YNJM27Qx72OEPABhmT6LPiVLj81V1XDg6pXBVbaT8Vg="},"lastRemoteEphemeralKey":"BRpUWZMJDKOZMXcYfUOAvCMtsZpl/mVLin19akG95mdN","previousCounter":0,"rootKey":"wgR4eZaUlkbr4Bi3IDUuEMovXeAWl8fty7L63TXjeZI="},"indexInfo":{"baseKey":"Bb+kq4yG4AIdmO/UbLUsr76DM2j/HkJTc1B2DfsAbsMB","baseKeyType":1,"closed":-1,"used":1724522476545,"created":1724522476545,"remoteIdentityKey":"BTfLBKVzZTuk+8/UJ2XkCmQ1THWgerk6ABnVEKn4ZuN7"},"_chains":{"BUEto2Cv56Cmfqs0zsEESrEUxQIvfIfotQAncWPWhnAV":{"chainKey":{"counter":0,"key":"35zehx+e714xWfrMuJ7vlcZhF9o6UEXQSZqqbr54NhM="},"chainType":1,"messageKeys":{}}},"pendingPreKey":{"signedKeyId":20,"baseKey":"Bb+kq4yG4AIdmO/UbLUsr76DM2j/HkJTc1B2DfsAbsMB","preKeyId":3439409}}},"version":"v1"}