{"_sessions":{"BZW0MgkXfe90UBihkIdulePdSJeGis1YtvQ5RoZr4wh3":{"registrationId":1497701858,"currentRatchet":{"ephemeralKeyPair":{"pubKey":"BbFQpJFu7WM9/jQSs2sbGn0eCDOVjidB5RiRBPjrbskO","privKey":"EHQwyl0tJ9UdgWkiXumzgBCMRuxpRqS6a9XOGsxSW34="},"lastRemoteEphemeralKey":"BWqpUO1tC1Q501ruLAGlm+xkvmInvvEEhD3C4T5Tr+Rk","previousCounter":0,"rootKey":"zWhN4arzuKCeXbjLG6OYM696o6NrSRsdJueltdpHlQM="},"indexInfo":{"baseKey":"BZW0MgkXfe90UBihkIdulePdSJeGis1YtvQ5RoZr4wh3","baseKeyType":1,"closed":-1,"used":1724522476492,"created":1724522476492,"remoteIdentityKey":"BTXej25T0pXyKLBtq9o040usUW/IHame0bKow8josK4o"},"_chains":{"BbFQpJFu7WM9/jQSs2sbGn0eCDOVjidB5RiRBPjrbskO":{"chainKey":{"counter":0,"key":"RF3oFcfFYuHfi56yl2Pe+aDKJ4UgSZKZ9RsLxxukv94="},"chainType":1,"messageKeys":{}}},"pendingPreKey":{"signedKeyId":0,"baseKey":"BZW0MgkXfe90UBihkIdulePdSJeGis1YtvQ5RoZr4wh3","preKeyId":5639798}}},"version":"v1"}