{"_sessions":{"BWwxjD2pYthJIQfBkg7AzNpBNHsBUVkuQ9pvgmWdQqlG":{"registrationId":1766251007,"currentRatchet":{"ephemeralKeyPair":{"pubKey":"BbcJ/+YMH/FQXU83ZYL/uDYk9zpnECkAI4ESvunxVeY3","privKey":"AEZ5Tuwk3X4mVACa9XMU/DSAi3ncYUWBqBu0KQW+emM="},"lastRemoteEphemeralKey":"BcNrq+t8GrXfvWGUbnLnbLtbxzFYALqhXG6yb3C4GPVg","previousCounter":0,"rootKey":"Pdf788XR82airBg8bKwcg8CyKqxuZ6BpYQbUyJh1ES0="},"indexInfo":{"baseKey":"BWwxjD2pYthJIQfBkg7AzNpBNHsBUVkuQ9pvgmWdQqlG","baseKeyType":1,"closed":-1,"used":1724522476442,"created":1724522476442,"remoteIdentityKey":"BSSj17fuT13t3FyKekB1CZG6giXrH5sTg7jIwUluvbN+"},"_chains":{"BbcJ/+YMH/FQXU83ZYL/uDYk9zpnECkAI4ESvunxVeY3":{"chainKey":{"counter":0,"key":"i6yPX2GlwTUmScAYST5r/jauwP4BjTo21Z7s37w/gbU="},"chainType":1,"messageKeys":{}}},"pendingPreKey":{"signedKeyId":16,"baseKey":"BWwxjD2pYthJIQfBkg7AzNpBNHsBUVkuQ9pvgmWdQqlG","preKeyId":5627823}}},"version":"v1"}