{"_sessions":{"BQI4KxK8HEa+Ggi2SJ0/yVol813bktpClh5VKH19qiQa":{"registrationId":3632,"currentRatchet":{"ephemeralKeyPair":{"pubKey":"BefnNAjoY+WL2hEuKJqACrzrzrC29NsKGM4NF0BVRLZ4","privKey":"sGCJjUFG5sjxuIzcnfqH88cjurEVGWZ5Dw/VJPKflV0="},"lastRemoteEphemeralKey":"BaOV8d8800mjSnC8+GAXxTD6/xWcvErbb7J9JhgyXVJ+","previousCounter":0,"rootKey":"r+7Nwqk4RGiWXMramC+PAHreylYX847Hr9widiNCrQA="},"indexInfo":{"baseKey":"BQI4KxK8HEa+Ggi2SJ0/yVol813bktpClh5VKH19qiQa","baseKeyType":1,"closed":-1,"used":1724522476419,"created":1724522476419,"remoteIdentityKey":"BR85w8QCCxjnwnLqnHAtsyRso1/osVHmaXiUdIub+bxc"},"_chains":{"BefnNAjoY+WL2hEuKJqACrzrzrC29NsKGM4NF0BVRLZ4":{"chainKey":{"counter":0,"key":"spC4uxuA6hGcffkuiKX/fS1k1O2fVBafLw6uMFlStl0="},"chainType":1,"messageKeys":{}}},"pendingPreKey":{"signedKeyId":1,"baseKey":"BQI4KxK8HEa+Ggi2SJ0/yVol813bktpClh5VKH19qiQa"}}},"version":"v1"}