{"_sessions":{"BU3T/FWrlO+ya+o5vnOIvDj+yUklsBKxxy9+e9MDPOg0":{"registrationId":1366439914,"currentRatchet":{"ephemeralKeyPair":{"pubKey":"BXJ0k8RkMaXSD+I3KvZZgKkeYL0GbEzg9V+LIC0AyHoK","privKey":"iKMECJPtlejk2bYANNus6ixvjsR4IDsW79MqPR9cgWs="},"lastRemoteEphemeralKey":"BenqFJrKbIdLNHbNxZhtzWnFgoZhYjBlltsPzlX2aSYw","previousCounter":0,"rootKey":"iThRp196+eGmr1/WJq3kP7ZLufVzSHSngeUo2VLgBVA="},"indexInfo":{"baseKey":"BU3T/FWrlO+ya+o5vnOIvDj+yUklsBKxxy9+e9MDPOg0","baseKeyType":1,"closed":-1,"used":1724522476608,"created":1724522476608,"remoteIdentityKey":"BUCp3ESKuHhqOojz01i4kIbnTi8nyo9nCitOStXyBvRK"},"_chains":{"BXJ0k8RkMaXSD+I3KvZZgKkeYL0GbEzg9V+LIC0AyHoK":{"chainKey":{"counter":0,"key":"iV0eIsagZYAIwRyTHjfsXrTq6CIglIgmAlluDwr1W1E="},"chainType":1,"messageKeys":{}}},"pendingPreKey":{"signedKeyId":1,"baseKey":"BU3T/FWrlO+ya+o5vnOIvDj+yUklsBKxxy9+e9MDPOg0","preKeyId":7514160}}},"version":"v1"}