{"_sessions":{"Bfrkp/jZJvdvNyrg/cTq68vbKd5Av+BUpjFg1w5GgcAY":{"registrationId":807449393,"currentRatchet":{"ephemeralKeyPair":{"pubKey":"BczsHjBrIhF13sxfyeRULcZhQP3xpvoVapZ0dSAKaS4q","privKey":"yHywJFUgf7/A+wxHebeU0P+Lt6DSEVbeaLhOZO6D+WQ="},"lastRemoteEphemeralKey":"Bc7g1nX07SlT+YK/B+z0U+1OoMu06TQUW/BDbaXhtsRj","previousCounter":0,"rootKey":"frcMMFhom95sEYQrSkTITaW87huceHW6gF1vJdYx5Aw="},"indexInfo":{"baseKey":"Bfrkp/jZJvdvNyrg/cTq68vbKd5Av+BUpjFg1w5GgcAY","baseKeyType":1,"closed":-1,"used":1724522476602,"created":1724522476602,"remoteIdentityKey":"BUoWUKkrGo3alLZz5wXiyBJIQn2PHl58AwVNqfeNCZlG"},"_chains":{"BczsHjBrIhF13sxfyeRULcZhQP3xpvoVapZ0dSAKaS4q":{"chainKey":{"counter":0,"key":"QlJmvJyaER2SGtNuJUggwHPdvnJ+uwSshkYG+huRUYU="},"chainType":1,"messageKeys":{}}},"pendingPreKey":{"signedKeyId":1,"baseKey":"Bfrkp/jZJvdvNyrg/cTq68vbKd5Av+BUpjFg1w5GgcAY","preKeyId":2779390}}},"version":"v1"}