{"_sessions":{"BRvWKZtgrjua5m5g2u7kGnjY28PscYEhNQ7v152w97ZU":{"registrationId":591527767,"currentRatchet":{"ephemeralKeyPair":{"pubKey":"Bfj5iHpbTQJVtD65yV/bdEkommnm4qDcbAkwnYR5ILkJ","privKey":"YBpWAbJx8WWtOxhpVFGIUm87NG8Pj1iXszASOnh/gX4="},"lastRemoteEphemeralKey":"BRGU9h+EwZFwbWV6nNGS7eL8mUzIBDdbDwKVzROEezE/","previousCounter":0,"rootKey":"q4kNGsnWbrRqAQ6zI8gCy8+nOd1xgWFoBYmEPZhfwjw="},"indexInfo":{"baseKey":"BRvWKZtgrjua5m5g2u7kGnjY28PscYEhNQ7v152w97ZU","baseKeyType":1,"closed":-1,"used":1724522476515,"created":1724522476515,"remoteIdentityKey":"BfxqUmpq1cNTxaxntI+DVAhzBxgILzRW+csp9Q7xHixa"},"_chains":{"Bfj5iHpbTQJVtD65yV/bdEkommnm4qDcbAkwnYR5ILkJ":{"chainKey":{"counter":0,"key":"kfPdrZ065qgx86o+Wrw3RfEVqB0XLs8aqJc7TjNirdY="},"chainType":1,"messageKeys":{}}},"pendingPreKey":{"signedKeyId":0,"baseKey":"BRvWKZtgrjua5m5g2u7kGnjY28PscYEhNQ7v152w97ZU"}}},"version":"v1"}