{"_sessions":{"BSDoOi1MfmgPO3Tf7ntF1mFfWzrANSpznUWFcYR0LWsP":{"registrationId":6406,"currentRatchet":{"ephemeralKeyPair":{"pubKey":"BYBLLh2NEko5J7CgWC6Se7mCuqeWNkCWb80nQRxQptR4","privKey":"AExPjXcPm4Aey8rP/jZZaCcRlwHq56XsbOmUwAXxs1o="},"lastRemoteEphemeralKey":"BbHfLb5mj6nBciBSz5ximpjJjORfx1qn24fEmG7MqhYr","previousCounter":0,"rootKey":"sXitdlQQ6626+0ithUaGlThLjzTocNk9SXbzNLstGPc="},"indexInfo":{"baseKey":"BSDoOi1MfmgPO3Tf7ntF1mFfWzrANSpznUWFcYR0LWsP","baseKeyType":1,"closed":-1,"used":1724522476408,"created":1724522476408,"remoteIdentityKey":"BWqfx0d5sOMLqh2pGvdKKsaETJnxTy5Owu848iU3+z8g"},"_chains":{"BYBLLh2NEko5J7CgWC6Se7mCuqeWNkCWb80nQRxQptR4":{"chainKey":{"counter":0,"key":"Z4oqHuvWLLYVPj0LWC4B/t+yGg7jI3v+baM1nZijG8A="},"chainType":1,"messageKeys":{}}},"pendingPreKey":{"signedKeyId":1,"baseKey":"BSDoOi1MfmgPO3Tf7ntF1mFfWzrANSpznUWFcYR0LWsP"}}},"version":"v1"}