{"noiseKey":{"private":{"type":"Buffer","data":"eDZURhvBua3+5IFzxeWp/TZsueOQJ7TyPVzy2inj4l0="},"public":{"type":"Buffer","data":"nr5RbfsJqxZUrvXN5GBvhpnK0lW7J0wM1dzByWPfshE="}},"pairingEphemeralKeyPair":{"private":{"type":"Buffer","data":"6E/cPFdg5MVbwbAPhyCA1i1ILkz1ncr/EyYh1mmFfXU="},"public":{"type":"Buffer","data":"FPIa1eJtHQgW/FfWK9VQOIFoLSTBrlW5ibwK5FbVjmQ="}},"signedIdentityKey":{"private":{"type":"Buffer","data":"wL/jCOuc40A3Ge/mofLBZLtrH/5lMRZdB5tHPtOt+FU="},"public":{"type":"Buffer","data":"Lvl+F2c1ksvvvU5yYO+Y0Z7ymrUC37YUtib3iZAjMR4="}},"signedPreKey":{"keyPair":{"private":{"type":"Buffer","data":"0BnfAIb4p2cJmu06Kd3IyCPf8kQdadcTawiCrU7J50M="},"public":{"type":"Buffer","data":"OLmBp2HkYX84XFWeQo/S9CU63KIQkaBYV8CnmWE+Mzs="}},"signature":{"type":"Buffer","data":"N5wAwrIlszFzrNXOJJUycsMEHHohWn7D5I8eNrq1COQE4ZtXnuMzOeOuq+omR9R+0s0a0gwrsKQvrHB60KNUjg=="},"keyId":1},"registrationId":228,"advSecretKey":"OQFgbaDDm6puv5R1Mq/J3/dgBGgR0qR2vAjIvYz4L6o=","processedHistoryMessages":[{"key":{"remoteJid":"6281355468452@s.whatsapp.net","fromMe":true,"id":"2B816266C3F31940CA1BCD65C5B5D662"},"messageTimestamp":1724521238},{"key":{"remoteJid":"6281355468452@s.whatsapp.net","fromMe":true,"id":"A6041686CAA9C7B4E69FC24259B6EB9D"},"messageTimestamp":1724521240},{"key":{"remoteJid":"6281355468452@s.whatsapp.net","fromMe":true,"id":"5ED7AB24DBC64BA3ADD70F3554C4D960"},"messageTimestamp":1724521257},{"key":{"remoteJid":"6281355468452@s.whatsapp.net","fromMe":true,"id":"DC09C2E59F034CB8A1A3341224B858FE"},"messageTimestamp":1724521269},{"key":{"remoteJid":"6281355468452@s.whatsapp.net","fromMe":true,"id":"031898D411DAC9DA369C47B96FCF65B7"},"messageTimestamp":1724521280},{"key":{"remoteJid":"6281355468452@s.whatsapp.net","fromMe":true,"id":"5257358401A3A6698CF127077C40F4DC"},"messageTimestamp":1724521292},{"key":{"remoteJid":"6281355468452@s.whatsapp.net","fromMe":true,"id":"9C68FA38AC3DBCEABFADE67C2B7BAD2E"},"messageTimestamp":1724521305},{"key":{"remoteJid":"6281355468452@s.whatsapp.net","fromMe":true,"id":"942252DDC66EA8F6008929E504E0A68A"},"messageTimestamp":1724521318},{"key":{"remoteJid":"6281355468452@s.whatsapp.net","fromMe":true,"id":"D849D780304719D582A1DBFC1DE39AFF"},"messageTimestamp":1724521330},{"key":{"remoteJid":"6281355468452@s.whatsapp.net","fromMe":true,"id":"24BBAFC2821BCB1AAD19C0A6F5B9FA56"},"messageTimestamp":1724521340},{"key":{"remoteJid":"6281355468452@s.whatsapp.net","fromMe":true,"id":"9D574C6AE13562650D81A0A9F8E471E1"},"messageTimestamp":1724521353},{"key":{"remoteJid":"6281355468452@s.whatsapp.net","fromMe":true,"id":"452FD1DF33AAEBBF311D7E1C09EA3B7B"},"messageTimestamp":1724521364},{"key":{"remoteJid":"6281355468452@s.whatsapp.net","fromMe":true,"id":"859D6803AB9C7558268464839F959CD0"},"messageTimestamp":1724521375},{"key":{"remoteJid":"6281355468452@s.whatsapp.net","fromMe":true,"id":"E2C6FBF6B8F77E170A84ECE89EF88AA3"},"messageTimestamp":1724521385},{"key":{"remoteJid":"6281355468452@s.whatsapp.net","fromMe":true,"id":"3CF2A20CE553C3F569831AB7745E4B87"},"messageTimestamp":1724521395},{"key":{"remoteJid":"6281355468452@s.whatsapp.net","fromMe":true,"id":"B060A4C43A2E0EE9D652C96CD0B1CA0C"},"messageTimestamp":1724521409},{"key":{"remoteJid":"6281355468452@s.whatsapp.net","fromMe":true,"id":"174BD2F919FD9EAF0B4A26386468177B"},"messageTimestamp":1724521422},{"key":{"remoteJid":"6281355468452@s.whatsapp.net","fromMe":true,"id":"B5AA5568D771944D72BE27E720C4B7F2"},"messageTimestamp":1724521435},{"key":{"remoteJid":"6281355468452@s.whatsapp.net","fromMe":true,"id":"FA2DEFEE260BFC462FA77067CA3BE417"},"messageTimestamp":1724521449},{"key":{"remoteJid":"6281355468452@s.whatsapp.net","fromMe":true,"id":"65028004112D997523CC39A6E3587076"},"messageTimestamp":1724521462}],"nextPreKeyId":31,"firstUnuploadedPreKeyId":31,"accountSyncCounter":1,"accountSettings":{"unarchiveChats":false},"deviceId":"x9q5vgm1QP6Y1y3WQqkEyg","phoneId":"4df0aa24-bdd5-4293-aee9-2ee5c17cd60b","identityId":{"type":"Buffer","data":"oa6OWNdUdwg6RK26OUHGW92I8jQ="},"registered":true,"backupToken":{"type":"Buffer","data":"IJrk6b4PrFCp98sw3ID1t5sJyEg="},"registration":{},"pairingCode":"S5LKPCR4","lastPropHash":"28ZRla","routingInfo":{"type":"Buffer","data":"CAIQAxAA"},"me":{"id":"6281355468452:93@s.whatsapp.net","name":"Arief","jid":"6281355468452@s.whatsapp.net","lid":"68384603508771:93@lid"},"account":{"details":"CLnkgMYCEIm2qLYGGAEgACgA","accountSignatureKey":"oLIC9sFRDf8RN3dKIa6Iw06Qhm3E0rqhyiM2Lr03Hhg=","accountSignature":"tNZU4NYDku1dOUyDrYL/pLTtnE2+WRko1p4fZ6BcRaX64xOCZGNX3oa1I7rBHhPBjJTAjQ7SQ3na/RIeQ0lpBw==","deviceSignature":"lk9niEJOzTzkIG0rT/oimg7EtR16RJRgKzDuvBPN0fREKgagnYNDhoIw6sBOSJqvYbYG5yzpmkhmv0twNSDRjQ=="},"signalIdentities":[{"identifier":{"name":"6281355468452:93@s.whatsapp.net","deviceId":0},"identifierKey":{"type":"Buffer","data":"BaCyAvbBUQ3/ETd3SiGuiMNOkIZtxNK6ocojNi69Nx4Y"}}],"platform":"android","lastAccountSyncTimestamp":1724521228,"myAppStateKeyId":"AAAAAIq7"}