{"_sessions":{"BQkCOrAbsZ0oKcLJcB8GRjc36pY+eHVumjMT4EuhdFsM":{"registrationId":9921,"currentRatchet":{"ephemeralKeyPair":{"pubKey":"BY1wGg49+BNifKMi+OEIphR/YuUmpL0BcHOG57Bh3yoz","privKey":"cKuJihBObw+dE98MMwl0kEG+0MAZgMDeS7UmwiBcP1U="},"lastRemoteEphemeralKey":"Be4+JRiWHgx/bxEm/oBGy4tLQKpPb597QAWvgHweZVsZ","previousCounter":0,"rootKey":"fIUC4QxDTI1m91JMBdYyO7w0gQ1lZEdGpl2u0niuW38="},"indexInfo":{"baseKey":"BQkCOrAbsZ0oKcLJcB8GRjc36pY+eHVumjMT4EuhdFsM","baseKeyType":1,"closed":-1,"used":1724522476430,"created":1724522476430,"remoteIdentityKey":"BYQowMe8rtmPpQuS3k0v8bKzGtYj8sCb2G9NGRFWT5VS"},"_chains":{"BY1wGg49+BNifKMi+OEIphR/YuUmpL0BcHOG57Bh3yoz":{"chainKey":{"counter":0,"key":"Y3F6RqFPqOY89TZ3T+pL1xNxBiAQb6Q25/xZPMMVllo="},"chainType":1,"messageKeys":{}}},"pendingPreKey":{"signedKeyId":1,"baseKey":"BQkCOrAbsZ0oKcLJcB8GRjc36pY+eHVumjMT4EuhdFsM"}}},"version":"v1"}