{"_sessions":{"BeYuFlmPH44D3wXemBaCCgUqTRMVGVKhbrlTfa3ILWBX":{"registrationId":1503537100,"currentRatchet":{"ephemeralKeyPair":{"pubKey":"Bcb6Iz3vAifqaCBbSQJdNqQYFGHlRkrFjUlsULVDGdcu","privKey":"kDw1hHafYREfY/n7aibOId4zyS0CGlSEEIHj7lJe9Fs="},"lastRemoteEphemeralKey":"BbMI1rJgfY8Li20dxHVWvOfad55Nm3bo7aiaCovIeWcL","previousCounter":0,"rootKey":"NPKBECM8yQLBLkO+3kz68NoNAi14fvA+wBgBJHgS65I="},"indexInfo":{"baseKey":"BeYuFlmPH44D3wXemBaCCgUqTRMVGVKhbrlTfa3ILWBX","baseKeyType":1,"closed":-1,"used":1724522476533,"created":1724522476533,"remoteIdentityKey":"BSd1z+U2y8O4fu6EqjJ5cXPoIokUr/sN+KU3+Ex6j+4S"},"_chains":{"Bcb6Iz3vAifqaCBbSQJdNqQYFGHlRkrFjUlsULVDGdcu":{"chainKey":{"counter":0,"key":"5SLTASJ32nZNOKPOjke/XRyVt9VblyCVzeZbbJQUAuQ="},"chainType":1,"messageKeys":{}}},"pendingPreKey":{"signedKeyId":5,"baseKey":"BeYuFlmPH44D3wXemBaCCgUqTRMVGVKhbrlTfa3ILWBX","preKeyId":2757603}}},"version":"v1"}