{"_sessions":{"BfbEoGbyMLq085tI+bLJr4YYxBNzhGGIvwUjdvR8xjEU":{"registrationId":130547047,"currentRatchet":{"ephemeralKeyPair":{"pubKey":"Bcw2XEbFocxAWwrZfLxwPRLtozbvwThN1TVmlpjlISNW","privKey":"MFMBw/yWOkLKCtxpY5i1p4jsD5v++0yxOCCqu4Ynp1Q="},"lastRemoteEphemeralKey":"Be8aTbFjl/O0oxGfRiRgpwuUKyTy5QSbqz8AEKhyI+c1","previousCounter":0,"rootKey":"QII6hq2RnfVIIvdcMmMNyR+JR/KoIxWm0jAlw3dJWwg="},"indexInfo":{"baseKey":"BfbEoGbyMLq085tI+bLJr4YYxBNzhGGIvwUjdvR8xjEU","baseKeyType":1,"closed":-1,"used":1724522476438,"created":1724522476438,"remoteIdentityKey":"BSZTu+srbzqtdKemBkRHMNjCS8rRz4mjf+GZ3G/IvHxr"},"_chains":{"Bcw2XEbFocxAWwrZfLxwPRLtozbvwThN1TVmlpjlISNW":{"chainKey":{"counter":0,"key":"A+MrgYdAC+QVoDGUqKQTaKhX+1fAv22y+neHj4HcfFg="},"chainType":1,"messageKeys":{}}},"pendingPreKey":{"signedKeyId":3,"baseKey":"BfbEoGbyMLq085tI+bLJr4YYxBNzhGGIvwUjdvR8xjEU","preKeyId":7550420}}},"version":"v1"}