{"_sessions":{"Bfi7318wNqt8KtsQNBLbtSdcxWe49lTFmGMuBFYz+B1Y":{"registrationId":1413138025,"currentRatchet":{"ephemeralKeyPair":{"pubKey":"BWuUegsdy1TCkH8Bv42FP8Zhz9hCVpu01GmM6s5UY71v","privKey":"yEy8CsTXxkmul5whxHh3eKI4BoSCTILkbPI7QF8kAkY="},"lastRemoteEphemeralKey":"BYH8EIOuSFUnLroRXN4NQ8OWsUs+1sYVML/iy+s+WlQh","previousCounter":0,"rootKey":"gsJoO0KuTs16lBcAnAngtagzAH5HXRO+Q6NZWFy6oS8="},"indexInfo":{"baseKey":"Bfi7318wNqt8KtsQNBLbtSdcxWe49lTFmGMuBFYz+B1Y","baseKeyType":1,"closed":-1,"used":1724522476580,"created":1724522476580,"remoteIdentityKey":"Bcdw0Iirok91CQviONrtxCNnEg0dnvHDZdgrt7olltoX"},"_chains":{"BWuUegsdy1TCkH8Bv42FP8Zhz9hCVpu01GmM6s5UY71v":{"chainKey":{"counter":0,"key":"ERmae1tWFUfwY8K+Yto2sUWBplBI56pNXwlav5ZnS/c="},"chainType":1,"messageKeys":{}}},"pendingPreKey":{"signedKeyId":4,"baseKey":"Bfi7318wNqt8KtsQNBLbtSdcxWe49lTFmGMuBFYz+B1Y","preKeyId":15413092}}},"version":"v1"}