{"_sessions":{"BagRsymhi+Ay8ozOw+02lGp5aFGI8ph7hCRWEw3DPSYa":{"registrationId":2057437752,"currentRatchet":{"ephemeralKeyPair":{"pubKey":"BSYGmtWRzs2MrzLOnv/kda0Ba68/8ucx4heHnwpHcrVk","privKey":"QBWi5i73Nxs7ZiUZEtXarWzYgHb/YaoUPulddChf+nU="},"lastRemoteEphemeralKey":"BRph4PD6p750Qi8+kaINFNkX8Q2kttLiI7BfUz/qq1pd","previousCounter":0,"rootKey":"UuSC6M9e5u0I1f1aK6LlUcE5MjLAlqhKuJHDGYYFVqY="},"indexInfo":{"baseKey":"BagRsymhi+Ay8ozOw+02lGp5aFGI8ph7hCRWEw3DPSYa","baseKeyType":1,"closed":-1,"used":1724522476530,"created":1724522476530,"remoteIdentityKey":"BTkqhUb2QBq5W6JfU7fBtTwf65v6Da5/IFX9vs8w++st"},"_chains":{"BSYGmtWRzs2MrzLOnv/kda0Ba68/8ucx4heHnwpHcrVk":{"chainKey":{"counter":0,"key":"OMzTm9vF7MjL3IFN8pjXOR4Lnnzvnty4xDYGirATVqA="},"chainType":1,"messageKeys":{}}},"pendingPreKey":{"signedKeyId":9,"baseKey":"BagRsymhi+Ay8ozOw+02lGp5aFGI8ph7hCRWEw3DPSYa","preKeyId":523391}}},"version":"v1"}