{"_sessions":{"Ba/TKLhPnUZfQeWFsznMhL3JzdhrlfF+fy/1nw8QSJAX":{"registrationId":101,"currentRatchet":{"ephemeralKeyPair":{"pubKey":"BSTHn3c7KmZp/7c4CDD7eaWOpu7RiXK4fPVSaduCw0Uk","privKey":"sCva28tIR9MerBksCSeoir42cP9gDX8Nd+GnlmLcjls="},"lastRemoteEphemeralKey":"BW69pUw03uDNrtIxUGpHUMSRDlb/Jpgj9n/5h2mCbcsu","previousCounter":0,"rootKey":"AwwLBBx65Nhceil13MLnwBbxMvpiUurVDJXaxyBJylo="},"indexInfo":{"baseKey":"Ba/TKLhPnUZfQeWFsznMhL3JzdhrlfF+fy/1nw8QSJAX","baseKeyType":2,"closed":-1,"used":1724522475510,"created":1724521229959,"remoteIdentityKey":"BaKPDXdu8YZyp28lUfGur8dSMkt7kl+dE92tnjNQIqBV"},"_chains":{"BXiLJOhh6KjY9MEjqz/jK25pf64K++OeUX+Ro2ZxkA9L":{"chainKey":{"counter":1},"chainType":2,"messageKeys":{}},"BbJuWnpQ9pFquKSSUY1COBmPHw8eA69EhcnLEzNJWg5Q":{"chainKey":{"counter":1},"chainType":2,"messageKeys":{}},"BdNF+rDwWTVaZPOQhSjGlagfwlOF1n1wF6naAiTFlDAB":{"chainKey":{"counter":0},"chainType":2,"messageKeys":{}},"BYt1O60xB9aqznoq6BrYCCx+tDTsjSttPh59HjXnmGAu":{"chainKey":{"counter":1},"chainType":2,"messageKeys":{}},"BZ9RgKtO+ctnm5zGtRIUNwcyMTd5lW4ZocJjLexs5dgJ":{"chainKey":{"counter":0},"chainType":2,"messageKeys":{}},"BY0JS2/RJi2NpEcdGBctp0viVb6I0oVtPwloHYP+TrYR":{"chainKey":{"counter":0},"chainType":2,"messageKeys":{}},"BUNDQdzZpV32gnORlHd2QzeJ4jD1hBXCzrlEsuAA1PoW":{"chainKey":{"counter":0},"chainType":2,"messageKeys":{}},"BW69pUw03uDNrtIxUGpHUMSRDlb/Jpgj9n/5h2mCbcsu":{"chainKey":{"counter":0,"key":"nrZEz2vj4oMuTjgcZqYCgh0gHDc4oSgiiJszj6/G/qs="},"chainType":2,"messageKeys":{}},"BSTHn3c7KmZp/7c4CDD7eaWOpu7RiXK4fPVSaduCw0Uk":{"chainKey":{"counter":0,"key":"rRSB6tNmkrZU/9j1nrG3roBdGdo9sPrdenRvCE9FLqA="},"chainType":1,"messageKeys":{}}}}},"version":"v1"}