{"_sessions":{"BWM70UXmbs8ZI9YJ+iRMQAQNS/CC3qrm66Zyir6XrQQ4":{"registrationId":214,"currentRatchet":{"ephemeralKeyPair":{"pubKey":"BUN2Ddc+fBLpltuTMywob0r+xZuPzgkrDFtD/xakW3cD","privKey":"kHh5bBdjIx1fgmm38lv/toN4hty0v7MPm2P6lOwssVo="},"lastRemoteEphemeralKey":"BdXE1dZNPNj2eU+zKOh/czfUlDTfhYpdD9q1KduROsR/","previousCounter":0,"rootKey":"i5vrOEXPjegA599k26blU+CNlF3MwwMVFRbMdq961l8="},"indexInfo":{"baseKey":"BWM70UXmbs8ZI9YJ+iRMQAQNS/CC3qrm66Zyir6XrQQ4","baseKeyType":1,"closed":-1,"used":1724521306828,"created":1724521306828,"remoteIdentityKey":"BWBz+VU0HB0vtzQVRzf6/2m1vnhEIUmAMmtrTgtG8iVe"},"_chains":{"BUN2Ddc+fBLpltuTMywob0r+xZuPzgkrDFtD/xakW3cD":{"chainKey":{"counter":11,"key":"1XEl+5cmuEj/yno2WSjrz33gaVqYsqu7UQHHMcTsNJg="},"chainType":1,"messageKeys":{}}},"pendingPreKey":{"signedKeyId":1,"baseKey":"BWM70UXmbs8ZI9YJ+iRMQAQNS/CC3qrm66Zyir6XrQQ4"}}},"version":"v1"}