{"_sessions":{"BTbtcjnnCdp96GjJ45qZ48hFmmro0bqCWLYvUX+DhgMP":{"registrationId":1876876030,"currentRatchet":{"ephemeralKeyPair":{"pubKey":"BT5lZrNyRB/pvsqbtc0n3ey6ogZMleqdWOc3tdvgwvlh","privKey":"oCOoZFjCCM2FM4ibirxZ76JcVBKua29haCrgS0xorH8="},"lastRemoteEphemeralKey":"BdM/rrlDmSqBfmJvdJ4jq6tJ5V38pWB37xz2eWXoLnxh","previousCounter":0,"rootKey":"intU8RdrGeEyPKVEoFM6TedAPD6EvU0410aQw3ws0jo="},"indexInfo":{"baseKey":"BTbtcjnnCdp96GjJ45qZ48hFmmro0bqCWLYvUX+DhgMP","baseKeyType":1,"closed":-1,"used":1724522476453,"created":1724522476453,"remoteIdentityKey":"BRvPYWao1fozya6/kxbL2NgahNyUbFU5fUi6ksrs1ldv"},"_chains":{"BT5lZrNyRB/pvsqbtc0n3ey6ogZMleqdWOc3tdvgwvlh":{"chainKey":{"counter":0,"key":"eE0hdJkcTLMw0a8rePmTvrh2ERK1fpE628PN4RSpfUg="},"chainType":1,"messageKeys":{}}},"pendingPreKey":{"signedKeyId":2,"baseKey":"BTbtcjnnCdp96GjJ45qZ48hFmmro0bqCWLYvUX+DhgMP"}}},"version":"v1"}