{"_sessions":{"BRpI7HYRislvDm4dufmxVw8rTfh325pk+vBcUAqqbUE6":{"registrationId":985321961,"currentRatchet":{"ephemeralKeyPair":{"pubKey":"BXGq8LmNQ29aXfFXuw464fGp/l5wfLwXUlqFb9VJ+lwL","privKey":"6MGC5uGjUp5NkO6RH7/hTM9N7rMxcVAoymO51ikZ60g="},"lastRemoteEphemeralKey":"BbcnW/n3bVka/c3gga/qeuPFR1aHLUcXpl+AwQvaL3Vy","previousCounter":0,"rootKey":"4HBbcGqsBScLc6qoJkxNzV6TYGQWhUtXKOeZTvanIZg="},"indexInfo":{"baseKey":"BRpI7HYRislvDm4dufmxVw8rTfh325pk+vBcUAqqbUE6","baseKeyType":1,"closed":-1,"used":1724522476623,"created":1724522476623,"remoteIdentityKey":"BcWJU+NKcbq2HtTbg/EC9i9MoDspOOsU90unAqW25LNP"},"_chains":{"BXGq8LmNQ29aXfFXuw464fGp/l5wfLwXUlqFb9VJ+lwL":{"chainKey":{"counter":0,"key":"ojvzTIfO7AUsZ0Uypu9AAYeToxaQnQuzQ5Z94Ga1q24="},"chainType":1,"messageKeys":{}}},"pendingPreKey":{"signedKeyId":1,"baseKey":"BRpI7HYRislvDm4dufmxVw8rTfh325pk+vBcUAqqbUE6","preKeyId":8940616}}},"version":"v1"}