{"_sessions":{"BXna+0ql55MuGp61F1BFRsqEfdc9eqdetSDenzBPy/B+":{"registrationId":1505363487,"currentRatchet":{"ephemeralKeyPair":{"pubKey":"BUIihLD7ITG3gFx0NAGsVDeTakYr8hsA3wWutbB2y49e","privKey":"cCnYBuGKT9F/kkcKIaMqi9bdMNtVmaPopbtEjDnti3s="},"lastRemoteEphemeralKey":"BZzC7II4Ev/iZ7qsVKnHTpPJq/rOqWJBFsL1lbH87NFz","previousCounter":0,"rootKey":"weKw0dN4GOWTBcEpFxSd3qEIbGxSIFbM2OCyBR6GPJw="},"indexInfo":{"baseKey":"BXna+0ql55MuGp61F1BFRsqEfdc9eqdetSDenzBPy/B+","baseKeyType":1,"closed":-1,"used":1724522476539,"created":1724522476539,"remoteIdentityKey":"BQaqyQKVtUsBkhvWsEKnb3kr7AIMOuuJrgm366EqVAEB"},"_chains":{"BUIihLD7ITG3gFx0NAGsVDeTakYr8hsA3wWutbB2y49e":{"chainKey":{"counter":0,"key":"MN2CRCsHGNOtYznioSTuI9I1frmfJkGi1HRJ5v6yO6Q="},"chainType":1,"messageKeys":{}}},"pendingPreKey":{"signedKeyId":2,"baseKey":"BXna+0ql55MuGp61F1BFRsqEfdc9eqdetSDenzBPy/B+","preKeyId":7689331}}},"version":"v1"}