{"_sessions":{"BfiNNncSjT4vww2AIg2fZpYw8cMCaF+OQuKVgG8S6u5+":{"registrationId":307847225,"currentRatchet":{"ephemeralKeyPair":{"pubKey":"BQ4IDDWzYrU7q4WXfXVtzmIrARj9HhSMTk7Dr6a62Mt1","privKey":"WEQlPIWBgMSRUIi7geDs4ONtfw1CRgu8U2Uiqv/FDEY="},"lastRemoteEphemeralKey":"BZmpz+5NcQsbmrZcODjt26Fr2hWW4v5vtz1wU/BgAekF","previousCounter":0,"rootKey":"IjWL+aiPsJyQsnU3bNaspfNeelMN3Jmu4MZFrvwqxq4="},"indexInfo":{"baseKey":"BfiNNncSjT4vww2AIg2fZpYw8cMCaF+OQuKVgG8S6u5+","baseKeyType":1,"closed":-1,"used":1724522476554,"created":1724522476554,"remoteIdentityKey":"BXb7+VfwP6If3FbnzJB22Y/ogB7n0hBoXV8CwMPx4kxF"},"_chains":{"BQ4IDDWzYrU7q4WXfXVtzmIrARj9HhSMTk7Dr6a62Mt1":{"chainKey":{"counter":0,"key":"pBG2u1RxBx3bYHaxL1ESX6lQx/Xi5nNMsIs6lsoaVKc="},"chainType":1,"messageKeys":{}}},"pendingPreKey":{"signedKeyId":0,"baseKey":"BfiNNncSjT4vww2AIg2fZpYw8cMCaF+OQuKVgG8S6u5+","preKeyId":12705899}}},"version":"v1"}