{"_sessions":{"BRdktS/TddFh11awBzgBsozwe7o7FwtyrrmoatMWmFZR":{"registrationId":487492600,"currentRatchet":{"ephemeralKeyPair":{"pubKey":"BT3U4rT1s0vJV5APqdU9NQOMdWoZIsU/PtflykkuTHh6","privKey":"wMdhISsiJkIkeTXAsbFj75uB0UrxfbAqVmPSHpwIZl4="},"lastRemoteEphemeralKey":"BRGopuANt+qUkXz7XETkv2lbwFlD1UQmzZPLqXSo7TEK","previousCounter":0,"rootKey":"+C4VRUntaQ1l3c31Q2JpeDCh8oHdzaz4+B/v6AzMaWo="},"indexInfo":{"baseKey":"BRdktS/TddFh11awBzgBsozwe7o7FwtyrrmoatMWmFZR","baseKeyType":1,"closed":-1,"used":1724522476457,"created":1724522476457,"remoteIdentityKey":"BQ3xDRMMuLrzyJADthxRJEaR8F7Q7zHfGY2DxLTiT397"},"_chains":{"BT3U4rT1s0vJV5APqdU9NQOMdWoZIsU/PtflykkuTHh6":{"chainKey":{"counter":0,"key":"ukT2qPOIGPWoqcC/IJ3i+jY7/apt+4kGAvP1p7ng3Xg="},"chainType":1,"messageKeys":{}}},"pendingPreKey":{"signedKeyId":4,"baseKey":"BRdktS/TddFh11awBzgBsozwe7o7FwtyrrmoatMWmFZR","preKeyId":15634661}}},"version":"v1"}