{"_sessions":{"BWJqmmR0JjIH8sZ/Zd0qoArXd/hx/cL1eZSIk4sLCfke":{"registrationId":1813554735,"currentRatchet":{"ephemeralKeyPair":{"pubKey":"BQDMdbhoDsfWWE0VQLcpMtDflwUiLwFrwIpfctt1E0Za","privKey":"GJGtqvn2HcNXCbLbDcIqyZLdYBDnR4DuJkrieYoXK3U="},"lastRemoteEphemeralKey":"BViQ5Wp6lQCHJhgfg66doz/4TuqNt4CoQ1xjxlxQiE4k","previousCounter":0,"rootKey":"KICC8FuYIYZWUhIYPHpiW49Gy1wgeKdMyG6q6hBaA3c="},"indexInfo":{"baseKey":"BWJqmmR0JjIH8sZ/Zd0qoArXd/hx/cL1eZSIk4sLCfke","baseKeyType":1,"closed":-1,"used":1724522476561,"created":1724522476561,"remoteIdentityKey":"BW/kz8pKF3kk0XUHdC+5moIHW5RD1KwgEtPZ0k5mSqMT"},"_chains":{"BQDMdbhoDsfWWE0VQLcpMtDflwUiLwFrwIpfctt1E0Za":{"chainKey":{"counter":0,"key":"QBUnWTw+zsxd16O9LBi+gFxXJNi4NSpzPsHH2oWJ/KM="},"chainType":1,"messageKeys":{}}},"pendingPreKey":{"signedKeyId":2,"baseKey":"BWJqmmR0JjIH8sZ/Zd0qoArXd/hx/cL1eZSIk4sLCfke","preKeyId":13291782}}},"version":"v1"}