{"_sessions":{"BXg1KBUjBdkpZPqo7BIb52GbzSgyAj3PxirhtsJcval4":{"registrationId":120837058,"currentRatchet":{"ephemeralKeyPair":{"pubKey":"BTeFutfJwSr+B2idczBFRyjSdyI91jAVXasCpXyxUjUa","privKey":"wEtLBjk6bsYV0EI98ndZdL9Hehu6DNwR2uOL5LF/MHk="},"lastRemoteEphemeralKey":"BfJrjQa0/mN5lpnYToB5e7oU3waQY797/77h05ybFOwi","previousCounter":0,"rootKey":"Dxll5tXCfids0TV1G+L5Q023NjNmdJ1ZQdaJE1/EpQ8="},"indexInfo":{"baseKey":"BXg1KBUjBdkpZPqo7BIb52GbzSgyAj3PxirhtsJcval4","baseKeyType":1,"closed":-1,"used":1724522476434,"created":1724522476434,"remoteIdentityKey":"BRNjtSxPQvRmw9pmkCs2FV7acE2GlBtvS991EGyzcwAQ"},"_chains":{"BTeFutfJwSr+B2idczBFRyjSdyI91jAVXasCpXyxUjUa":{"chainKey":{"counter":0,"key":"uv0KB6U/nExZLtIgFkYeRcG1Y1nvXfn5Bl1WfZvniv0="},"chainType":1,"messageKeys":{}}},"pendingPreKey":{"signedKeyId":3,"baseKey":"BXg1KBUjBdkpZPqo7BIb52GbzSgyAj3PxirhtsJcval4","preKeyId":3633055}}},"version":"v1"}