{"_sessions":{"BX6uPwOoPf7UeLn/1QoCFWuoxrJk96ZbtRMuOnfFl6cQ":{"registrationId":1008383782,"currentRatchet":{"ephemeralKeyPair":{"pubKey":"BaO5wSlMASsu7hf8p/3tI0OLKedfdsxHVFw5apK7AlJl","privKey":"AFYYfnoARrFJwzSM9fEJOqIKHUHOH2KbtajOgnSQg1A="},"lastRemoteEphemeralKey":"BX6rm1aucWDMkp0INOLld9X+aFzpDm7b69XbDeQYuDIM","previousCounter":0,"rootKey":"b8YQl/TV5tMKGmbST1KyUMTB59AxoLe+YlnhkGFhvqw="},"indexInfo":{"baseKey":"BX6uPwOoPf7UeLn/1QoCFWuoxrJk96ZbtRMuOnfFl6cQ","baseKeyType":1,"closed":-1,"used":1724522476464,"created":1724522476464,"remoteIdentityKey":"BTsuN/wyDbp7xtcqnqIErFfI8U2ZazEyrOyjFPjPCPFg"},"_chains":{"BaO5wSlMASsu7hf8p/3tI0OLKedfdsxHVFw5apK7AlJl":{"chainKey":{"counter":0,"key":"+tW8VSeCrQz+Tw5cKF03uVP/ik8BIQ2xl4+KnWTc/cI="},"chainType":1,"messageKeys":{}}},"pendingPreKey":{"signedKeyId":2,"baseKey":"BX6uPwOoPf7UeLn/1QoCFWuoxrJk96ZbtRMuOnfFl6cQ","preKeyId":6273843}}},"version":"v1"}