{"_sessions":{"BcVZf/1E1JIFS7nMdsNfTrWwgiZIPGi3k73pe2VOctBq":{"registrationId":1558710149,"currentRatchet":{"ephemeralKeyPair":{"pubKey":"BUD83Zxtpbacg9jSdmS78mLHaboqqZbrP7iva9z7APoN","privKey":"CDVvtYb1x59pucgWBfZELoRmXEmJuTYgoJguFsjAing="},"lastRemoteEphemeralKey":"BXgQmTTk3LlTvV4Hmf8mHBPqGP2tf97foRr4XbYAmDEH","previousCounter":0,"rootKey":"i+HcJfpmM0DNF8yOPKxwqia3cOmciMyFBazqzCB9B8E="},"indexInfo":{"baseKey":"BcVZf/1E1JIFS7nMdsNfTrWwgiZIPGi3k73pe2VOctBq","baseKeyType":1,"closed":-1,"used":1724522476446,"created":1724522476446,"remoteIdentityKey":"BWxx4YmXtFu+POrBpq7u1Vz7RMZmZRCmyRMz9ZzC0vho"},"_chains":{"BUD83Zxtpbacg9jSdmS78mLHaboqqZbrP7iva9z7APoN":{"chainKey":{"counter":0,"key":"qPjfwLvnBU8X4wPA1dbbk3YeK61IPtETprxG1GYSTns="},"chainType":1,"messageKeys":{}}},"pendingPreKey":{"signedKeyId":8,"baseKey":"BcVZf/1E1JIFS7nMdsNfTrWwgiZIPGi3k73pe2VOctBq","preKeyId":347971}}},"version":"v1"}