{"_sessions":{"BXzO/cDQ+Yagl0Y0LGGr6epMXXoWMbKhgaB+jIwmzUtm":{"registrationId":1114237806,"currentRatchet":{"ephemeralKeyPair":{"pubKey":"BYJgsL7NLASWHJ4lPzQyQtIsDZrATqzoxitSSBCJS6NO","privKey":"SJjvHzo7mC1rP5pBtkS3BzmSGPocZNqJglyA9Bf9pls="},"lastRemoteEphemeralKey":"BRV4yWD0AJjYtNFCzA51PKYn8gtDuQg/NkRNlkdjrDlE","previousCounter":0,"rootKey":"jV8U1MYsY8iQiGDvyDsSnKF6imEXoZRLuxuoeKHQrP8="},"indexInfo":{"baseKey":"BXzO/cDQ+Yagl0Y0LGGr6epMXXoWMbKhgaB+jIwmzUtm","baseKeyType":1,"closed":-1,"used":1724522476620,"created":1724522476620,"remoteIdentityKey":"BYqxSppjeCn/PdSsCI+aYTdMU5XjTD3RwFslxsgEw0tA"},"_chains":{"BYJgsL7NLASWHJ4lPzQyQtIsDZrATqzoxitSSBCJS6NO":{"chainKey":{"counter":0,"key":"FHSMyLnpBehHK3i+2wiWnTVDz7PBzwp4YctOew5+GBs="},"chainType":1,"messageKeys":{}}},"pendingPreKey":{"signedKeyId":6,"baseKey":"BXzO/cDQ+Yagl0Y0LGGr6epMXXoWMbKhgaB+jIwmzUtm","preKeyId":6017364}}},"version":"v1"}