{"_sessions":{"BdesH9P1CJ9bYNUA+hQE/Cgs3EGyRbIe4Dk4WwYNn51Y":{"registrationId":718901389,"currentRatchet":{"ephemeralKeyPair":{"pubKey":"BWuyVpF2GN3+MsSuntzw73sG1//Vz1kPaXYAR2BRx4wd","privKey":"4DE1UmSg6Gg/8JPx7keNvDwK18ETE4rGPc/fQty1Mn4="},"lastRemoteEphemeralKey":"BXOtrUiPMNFqak+wFerBPEeailictg5nwTzNvgTHyyIi","previousCounter":0,"rootKey":"ioxBW+uj4bOLzT5iuZP4tuXQ5eTkyoz6jX/TWHQT3t4="},"indexInfo":{"baseKey":"BdesH9P1CJ9bYNUA+hQE/Cgs3EGyRbIe4Dk4WwYNn51Y","baseKeyType":1,"closed":-1,"used":1724522476507,"created":1724522476507,"remoteIdentityKey":"BboywMsSfX6/Y6z3FJ5pvVljSX85Y82MMBSFB63NOTYF"},"_chains":{"BWuyVpF2GN3+MsSuntzw73sG1//Vz1kPaXYAR2BRx4wd":{"chainKey":{"counter":0,"key":"ysr0V/asU3Cb1SIyjXTSvYAHgp91d9MhgG6enOrgmdo="},"chainType":1,"messageKeys":{}}},"pendingPreKey":{"signedKeyId":9,"baseKey":"BdesH9P1CJ9bYNUA+hQE/Cgs3EGyRbIe4Dk4WwYNn51Y"}}},"version":"v1"}