{"_sessions":{"BTv2LLH3Von/HOpxRDaRBybOGDDFEtBIe/g4HGWsPEMx":{"registrationId":208,"currentRatchet":{"ephemeralKeyPair":{"pubKey":"BRMmuJOCdXDMzV+0x+HoEhk4RcJp0p9NQ4Bj038V5LE7","privKey":"CBE2DQc34uwWfeco+TfA1wlh6ghYUGUI/oCiuMainnw="},"lastRemoteEphemeralKey":"BUNfh34Bj5BO12OOhZJQ7k8HH/020nQ8FYPzPEMj3TY+","previousCounter":0,"rootKey":"62HYaIrE5V2+D9BudDi0S+jJPM1eUCP7HOHuatBcHNA="},"indexInfo":{"baseKey":"BTv2LLH3Von/HOpxRDaRBybOGDDFEtBIe/g4HGWsPEMx","baseKeyType":1,"closed":-1,"used":1724521306835,"created":1724521306835,"remoteIdentityKey":"Bbf+XjxTfFZUzWKGMwArHdWChJ/d5Uj31O0ojZx/cwUn"},"_chains":{"BRMmuJOCdXDMzV+0x+HoEhk4RcJp0p9NQ4Bj038V5LE7":{"chainKey":{"counter":11,"key":"q4tRdwloALT2TIq8F+vlIFjov6duExoJ2FZkUWl4DmU="},"chainType":1,"messageKeys":{}}},"pendingPreKey":{"signedKeyId":1,"baseKey":"BTv2LLH3Von/HOpxRDaRBybOGDDFEtBIe/g4HGWsPEMx","preKeyId":553}}},"version":"v1"}