{"_sessions":{"BYj6GfQwD8QQgTjwcxL/aoT36OSiqzkMNh0guruVS4QQ":{"registrationId":1827684540,"currentRatchet":{"ephemeralKeyPair":{"pubKey":"BXI/tk6A6+VNVZjsdJKSc2mXeuzt79s01pDbIb49L654","privKey":"8ANaVQkBZlyaY7s+rDY7MBxn9LBr62c2PZbJimm8bVA="},"lastRemoteEphemeralKey":"BavT1NMP7cYY7OJUwbBeANpyhVmvEqF4QGz/w/hFg4VN","previousCounter":0,"rootKey":"ifzJ7SX+B4H6mQqSYZK7zU1hKtWzJHrFaBCzaSHDijc="},"indexInfo":{"baseKey":"BYj6GfQwD8QQgTjwcxL/aoT36OSiqzkMNh0guruVS4QQ","baseKeyType":1,"closed":-1,"used":1724522476484,"created":1724522476484,"remoteIdentityKey":"Be7bdmGcGy0/pNiUeEQN+DgyG3cuBjg//2o8LghnGb0y"},"_chains":{"BXI/tk6A6+VNVZjsdJKSc2mXeuzt79s01pDbIb49L654":{"chainKey":{"counter":0,"key":"63fHvkdTWzK8Y5SoV46jD8N2GuIqzIHaNrGulSv68/o="},"chainType":1,"messageKeys":{}}},"pendingPreKey":{"signedKeyId":1,"baseKey":"BYj6GfQwD8QQgTjwcxL/aoT36OSiqzkMNh0guruVS4QQ"}}},"version":"v1"}