{"_sessions":{"BSpk4/ScdfB32gTQCcnP0URw1n6Oyz01jQOryIsTltJQ":{"registrationId":1110641763,"currentRatchet":{"ephemeralKeyPair":{"pubKey":"BdCvgPwuMETjFlgg+zHfmRWwxBzK5hQoiO3C3kzTJD4c","privKey":"IC9W6UjlxSdvzILZZ60vufAm7xIJ4tWIDJXsupK4YFE="},"lastRemoteEphemeralKey":"BT+7OPte0PKtF/iuC1rpma4ZlDT13QLh/GQQJowxYeUr","previousCounter":0,"rootKey":"kugScWWvCZJxezopc6OHWcc0zxWVxRFAHRHmRSGmJRQ="},"indexInfo":{"baseKey":"BSpk4/ScdfB32gTQCcnP0URw1n6Oyz01jQOryIsTltJQ","baseKeyType":1,"closed":-1,"used":1724522476605,"created":1724522476605,"remoteIdentityKey":"Bb+1e01yrG75Ni+/c3fQ15AyGu7fGI5T6YF6MGNHECAh"},"_chains":{"BdCvgPwuMETjFlgg+zHfmRWwxBzK5hQoiO3C3kzTJD4c":{"chainKey":{"counter":0,"key":"0AdtJAIjFVa0vpXTe0yPTgnL6S5OOlDAGG0Kjfe3QT8="},"chainType":1,"messageKeys":{}}},"pendingPreKey":{"signedKeyId":1,"baseKey":"BSpk4/ScdfB32gTQCcnP0URw1n6Oyz01jQOryIsTltJQ","preKeyId":7808963}}},"version":"v1"}