{"_sessions":{"BRW0W2MvRwTrXGmkC6EDsfbk/qep2CFDd4K3ux1kzkV7":{"registrationId":1902621012,"currentRatchet":{"ephemeralKeyPair":{"pubKey":"BRLtVogv0EpmthWHRg8C1ujZLQp8vPExXy4l380URwRk","privKey":"mNhdNe2ErhzjWLOsfUEfiW9wh/1gQ6XeAXobo8F01ms="},"lastRemoteEphemeralKey":"BdmXThnw3rlR24dnLAnvGWCpQGNlsGKbyWMG59RD13k4","previousCounter":0,"rootKey":"iMCXF/BZGHw3301EV5Y7bEG+CD1U2c3rD2YQ7yvvja4="},"indexInfo":{"baseKey":"BRW0W2MvRwTrXGmkC6EDsfbk/qep2CFDd4K3ux1kzkV7","baseKeyType":1,"closed":-1,"used":1724522476548,"created":1724522476548,"remoteIdentityKey":"BSOvUmzEwV8MSMFgYBcpdf3kLBwqtopTP4UCrHaY4hNP"},"_chains":{"BRLtVogv0EpmthWHRg8C1ujZLQp8vPExXy4l380URwRk":{"chainKey":{"counter":0,"key":"h9powpDd6JsdUUAS+r1ZDDSWTWc2+WkPlWoNOYeQ/mI="},"chainType":1,"messageKeys":{}}},"pendingPreKey":{"signedKeyId":1,"baseKey":"BRW0W2MvRwTrXGmkC6EDsfbk/qep2CFDd4K3ux1kzkV7","preKeyId":10148156}}},"version":"v1"}