{"_sessions":{"BdOUJ+wXB359xyNQ7Tq5sUu3ns76VXBWxlnnG8O38+Rc":{"registrationId":1123587683,"currentRatchet":{"ephemeralKeyPair":{"pubKey":"Be0bsEyKu9BqGdvlbKWtVcQwHi2h7n/3UFCYfAVcqddW","privKey":"iJbwgJvJS8z88eNQKHJmEl2KFrYwr76XNIPRbPxcF00="},"lastRemoteEphemeralKey":"BXknSmDFtzuXEUeBT0QKRojqdS1RcNdnV2H9+cJ7ebpj","previousCounter":0,"rootKey":"HGkzk7EQ6i+jlrChafITc1pr7d81BFKCmBnxcADIkZo="},"indexInfo":{"baseKey":"BdOUJ+wXB359xyNQ7Tq5sUu3ns76VXBWxlnnG8O38+Rc","baseKeyType":1,"closed":-1,"used":1724522476577,"created":1724522476577,"remoteIdentityKey":"BY6UdGrhzLj5t3biTnd5695S5RP7sWVPpmGceF0g3y91"},"_chains":{"Be0bsEyKu9BqGdvlbKWtVcQwHi2h7n/3UFCYfAVcqddW":{"chainKey":{"counter":0,"key":"3cLXszop94OCiGbEi44zETtDedmKlcGaFgoU16dIYXo="},"chainType":1,"messageKeys":{}}},"pendingPreKey":{"signedKeyId":4,"baseKey":"BdOUJ+wXB359xyNQ7Tq5sUu3ns76VXBWxlnnG8O38+Rc","preKeyId":8235904}}},"version":"v1"}