{"_sessions":{"BeyCDj/1ks8W90SIZl/AvAxKlql21nfdYGltF2Pf7Tob":{"registrationId":785505926,"currentRatchet":{"ephemeralKeyPair":{"pubKey":"BUfbl0oBzoe6Aj3hjMBJWgEe2tc9/D/SJyhR5JEZY38p","privKey":"0Hc0HHPVWwZ7HykDTfDuC6XIKsmuF5DWZWLVJ/NPn1o="},"lastRemoteEphemeralKey":"BSwcAxCUyDgojqxGpJTs06M1tsgvR/0S2IqPVlAjiQVS","previousCounter":0,"rootKey":"Zh1+QUIBIeUW4rrHRjgFQPXA6szkCz4fpI2rWo5yh3Y="},"indexInfo":{"baseKey":"BeyCDj/1ks8W90SIZl/AvAxKlql21nfdYGltF2Pf7Tob","baseKeyType":1,"closed":-1,"used":1724522476476,"created":1724522476476,"remoteIdentityKey":"BZkjwsHGQOSAxtjoanYxcei1uW7JskVjxQk6HkA2tadl"},"_chains":{"BUfbl0oBzoe6Aj3hjMBJWgEe2tc9/D/SJyhR5JEZY38p":{"chainKey":{"counter":0,"key":"5bh5QUkzj7Tr17u2zyB5p/1hHajS3ydOmYqj6iT3W6M="},"chainType":1,"messageKeys":{}}},"pendingPreKey":{"signedKeyId":1,"baseKey":"BeyCDj/1ks8W90SIZl/AvAxKlql21nfdYGltF2Pf7Tob","preKeyId":9208858}}},"version":"v1"}