{"_sessions":{"BWrSrXyCpU8JAjo3LtVJJ01YGCQacVbxkXzJ65OH+GMt":{"registrationId":322755434,"currentRatchet":{"ephemeralKeyPair":{"pubKey":"BZY7GC3gnSxYiEQkVfH23i23VMfaAb2U0JIgipoHrH0K","privKey":"6M2yJqBNEpQp970DNpJ/6QZOKdjwryi59hNUGSQy2UI="},"lastRemoteEphemeralKey":"BeGKGk36t4cbWOhXM+03lNEsG9eGaroWKqjPM49ZDDMc","previousCounter":0,"rootKey":"VvTGy+ATuMGbDelqsAvwrj6ldrRHT0Qf/p+qI4jI5BU="},"indexInfo":{"baseKey":"BWrSrXyCpU8JAjo3LtVJJ01YGCQacVbxkXzJ65OH+GMt","baseKeyType":1,"closed":-1,"used":1724522476542,"created":1724522476542,"remoteIdentityKey":"BRKkwHlxFr6e8vYZAfoBh7w39q85ynLvgmtz7wqwzZRV"},"_chains":{"BZY7GC3gnSxYiEQkVfH23i23VMfaAb2U0JIgipoHrH0K":{"chainKey":{"counter":0,"key":"iMKlenXSbvYpOlIe3Ufgk+gPoeqaz52AxaYT2fa7r70="},"chainType":1,"messageKeys":{}}},"pendingPreKey":{"signedKeyId":0,"baseKey":"BWrSrXyCpU8JAjo3LtVJJ01YGCQacVbxkXzJ65OH+GMt","preKeyId":1551839}}},"version":"v1"}