{"_sessions":{"BVUom0bVavHiUK4mxg0YR5esF7vB5x8i+/C/Q6NMWboA":{"registrationId":1104940516,"currentRatchet":{"ephemeralKeyPair":{"pubKey":"BXP+b1IaM0J6L/KH7H4xSgD4ifw5GOUDh4KiqcTjJB8Q","privKey":"+NguEs8V+lucHJR6Y7PDMzEAC7XlBjtv4wfxyCQbvFA="},"lastRemoteEphemeralKey":"BTr/ryk6VpSYsfySFjttecUX59MHYJcB0EziE4vmtbxe","previousCounter":0,"rootKey":"4SQOpEA+nPPlS+dcO3aJF+W2/5CpCkFLPRPKRBuMLZ8="},"indexInfo":{"baseKey":"BVUom0bVavHiUK4mxg0YR5esF7vB5x8i+/C/Q6NMWboA","baseKeyType":1,"closed":-1,"used":1724522476611,"created":1724522476611,"remoteIdentityKey":"BQjgpcTfxw/jMeeSZRb2MkuFNauTd170gjxCvAneJm4H"},"_chains":{"BXP+b1IaM0J6L/KH7H4xSgD4ifw5GOUDh4KiqcTjJB8Q":{"chainKey":{"counter":0,"key":"lfSppOl12D7Ji7dwa6G5pcyfBG+fKveRKJAbfs3hNo0="},"chainType":1,"messageKeys":{}}},"pendingPreKey":{"signedKeyId":5,"baseKey":"BVUom0bVavHiUK4mxg0YR5esF7vB5x8i+/C/Q6NMWboA","preKeyId":11438724}}},"version":"v1"}