{"_sessions":{"BfEvhgo/ApiuHxPfIu9YGnM7xThHUJJ07kKUlD/1rXsm":{"registrationId":121200455,"currentRatchet":{"ephemeralKeyPair":{"pubKey":"BbsYhyqifDqkBHYESnvhnOszDp0NFQNtHgrMUfppbOAM","privKey":"CMxzpWvY+cMZ2+tj2HTHr57ftHWvFmWbuWIZK4oUlnc="},"lastRemoteEphemeralKey":"BYuUzou2TSS/cEBWrWx3OcYl8oEAMQ4lV4pg1MiYm3gh","previousCounter":0,"rootKey":"VNCrzM+N708RXGTmO2QLzQK7onYOG2djIszI5jmP3Z0="},"indexInfo":{"baseKey":"BfEvhgo/ApiuHxPfIu9YGnM7xThHUJJ07kKUlD/1rXsm","baseKeyType":2,"closed":-1,"used":1724523058829,"created":1724523058829,"remoteIdentityKey":"BXGKZIHhVDHnHDU5WZGoLSjyZNZnf9EdaD2oiupsU2Rn"},"_chains":{"BYuUzou2TSS/cEBWrWx3OcYl8oEAMQ4lV4pg1MiYm3gh":{"chainKey":{"counter":0,"key":"9+oKAEyM1Gy/efRpeBE/JWPNj06lQQ3n1RX6kn+ivtU="},"chainType":2,"messageKeys":{}},"BbsYhyqifDqkBHYESnvhnOszDp0NFQNtHgrMUfppbOAM":{"chainKey":{"counter":-1,"key":"lhiHPcSwrvJe1MwcevWMvsRsQ0X87OigwrNjYSQwRzU="},"chainType":1,"messageKeys":{}}}}},"version":"v1"}