{"_sessions":{"BcvpafbK1ecRD+5cgh07+xpLnPOuebUI5r/5qxeeskRL":{"registrationId":1025982168,"currentRatchet":{"ephemeralKeyPair":{"pubKey":"BeRf6O7mDMKWDd39y2nUvIyB5p2Ycb8VFpsMhGKmPH19","privKey":"aE/7w9Brv4iopC4g095QZxifhNlLfTVJ2vHG+Z4SnWI="},"lastRemoteEphemeralKey":"BU9qESzF4p12WG3m3BjY2PQebkDKP9m4Z/FbikxE+v0E","previousCounter":0,"rootKey":"e8rCaJu16uQDbV9WFhBFz1a69nXH8oP4nTuKLIGPcvM="},"indexInfo":{"baseKey":"BcvpafbK1ecRD+5cgh07+xpLnPOuebUI5r/5qxeeskRL","baseKeyType":1,"closed":-1,"used":1724522476499,"created":1724522476499,"remoteIdentityKey":"BZbzOxaJZnn6HCdiP/pWDxvsSeJFKMrO2j3JSRDoWqIl"},"_chains":{"BeRf6O7mDMKWDd39y2nUvIyB5p2Ycb8VFpsMhGKmPH19":{"chainKey":{"counter":0,"key":"Y0TxQ0+AYRE15WBBkSK1ci2HFNDpFD8aTNLqR97p/eI="},"chainType":1,"messageKeys":{}}},"pendingPreKey":{"signedKeyId":0,"baseKey":"BcvpafbK1ecRD+5cgh07+xpLnPOuebUI5r/5qxeeskRL"}}},"version":"v1"}