{"_sessions":{"BRoqputK0qphzcM3+q1MoyUIQgqCNtXHZD+GHyDxWXZB":{"registrationId":2124401310,"currentRatchet":{"ephemeralKeyPair":{"pubKey":"BVrQK5tZiQbTZWNU72tYdm4miCNoKU31HGewOmBw6LYb","privKey":"kODhv7bSMICbgqSYA9/JC0RCy5OMgFwYrap7gO1rjXo="},"lastRemoteEphemeralKey":"BQTqR1jfxCzOMlR85S8/vZ1KtiQPJLrUyqK1pgWuj6EN","previousCounter":0,"rootKey":"JJqvDcOTIGxc5GCQ3UfzQozww5huE2M/2UMtgyoIInM="},"indexInfo":{"baseKey":"BRoqputK0qphzcM3+q1MoyUIQgqCNtXHZD+GHyDxWXZB","baseKeyType":1,"closed":-1,"used":1724522476573,"created":1724522476573,"remoteIdentityKey":"BUsBGbHSMMWf782kCp1UajuHbdXWjJWXAI4KGA1HUrNy"},"_chains":{"BVrQK5tZiQbTZWNU72tYdm4miCNoKU31HGewOmBw6LYb":{"chainKey":{"counter":0,"key":"N2zQ9i8l0WhzNN4Ib18IBpXLEGxC7wkalZd4JldRZeQ="},"chainType":1,"messageKeys":{}}},"pendingPreKey":{"signedKeyId":2,"baseKey":"BRoqputK0qphzcM3+q1MoyUIQgqCNtXHZD+GHyDxWXZB","preKeyId":9189788}}},"version":"v1"}