{"_sessions":{"BexsNQT8GjJoLRtr8a0fxzkL4zziXJNqUEGGYaEknbxA":{"registrationId":1392166971,"currentRatchet":{"ephemeralKeyPair":{"pubKey":"BV3oxV15o9bPUt0HnkTOIQ510XiIoUmHn89/8Wr6+K5I","privKey":"UC8aN8m5DQvZS5DRioRAiSfLkEY4jvmrdq2bpjzOQVc="},"lastRemoteEphemeralKey":"BZNT895ssT1viaxT8PjyDgoBhG4Hc02v0mHvrugEAN4o","previousCounter":0,"rootKey":"ofs103RA/ZHTaBk6cOipXyZDhkjMXMc2sHJ2oW4JCXQ="},"indexInfo":{"baseKey":"BexsNQT8GjJoLRtr8a0fxzkL4zziXJNqUEGGYaEknbxA","baseKeyType":1,"closed":-1,"used":1724522476564,"created":1724522476564,"remoteIdentityKey":"BeF/L5ye7mDmKcmiuG2tnxpG0Cp7CO+4pxw9QMJX0Cwu"},"_chains":{"BV3oxV15o9bPUt0HnkTOIQ510XiIoUmHn89/8Wr6+K5I":{"chainKey":{"counter":0,"key":"zZaHYE947t/yUW/FmsUIBy/xNiPzN336J/Wh/v10kZU="},"chainType":1,"messageKeys":{}}},"pendingPreKey":{"signedKeyId":0,"baseKey":"BexsNQT8GjJoLRtr8a0fxzkL4zziXJNqUEGGYaEknbxA","preKeyId":11529290}}},"version":"v1"}