{"_sessions":{"BUUajD8/H/O0CxSL50SDAzWXvkxmklnNUKsXrgqL6mAW":{"registrationId":1610881104,"currentRatchet":{"ephemeralKeyPair":{"pubKey":"Bc8rTBk672HbY91qTYkEfhFYvnPFPEpkiKSOP+ZAbt91","privKey":"8FAPan5CP+wkSCHcd6XmNhNHpygbw5cOgsE8KximlkY="},"lastRemoteEphemeralKey":"BQ0pFBtfT5pGj2HP35kvFwow8LKezD9v/LFecEaUxjZn","previousCounter":0,"rootKey":"uQrXJlXcv/pkW/rbdzv6AVlP2QwfuK089mqW3YiJQcw="},"indexInfo":{"baseKey":"BUUajD8/H/O0CxSL50SDAzWXvkxmklnNUKsXrgqL6mAW","baseKeyType":2,"closed":-1,"used":1724521407201,"created":1724521407201,"remoteIdentityKey":"BZ92LALCeC2tex+AZMzXs7Hguz+izISqY2ut8LZnzgU8"},"_chains":{"BQ0pFBtfT5pGj2HP35kvFwow8LKezD9v/LFecEaUxjZn":{"chainKey":{"counter":0,"key":"G6E5pos1bQGqAekuCPOIOCMvlo3nCc+/YTFGPXoWdhI="},"chainType":2,"messageKeys":{}},"Bc8rTBk672HbY91qTYkEfhFYvnPFPEpkiKSOP+ZAbt91":{"chainKey":{"counter":-1,"key":"kDgbXw8hORKiar5dEyS0sO47k34Bi68P6GJW3JbJ2z0="},"chainType":1,"messageKeys":{}}}}},"version":"v1"}