{"_sessions":{"BUZG9g+NTujWdkai3cOKMH1M53HUV+3/cR+++kjirDdj":{"registrationId":1681648800,"currentRatchet":{"ephemeralKeyPair":{"pubKey":"BfAYTmz+SbdVsYhWDQJSrQVKitngJdkGLK6c+0PJSEtr","privKey":"ELdg/nLpvhOZWUlqwZ0xWrGXui7Nisk69jkGkh6TqlQ="},"lastRemoteEphemeralKey":"BV7JcnvL1NhVFUbBboB1COmIDuLOuemOqW6Jo/wV3x0K","previousCounter":0,"rootKey":"RBmpaXAmPu0ZqNuEYBV1jWQ1A3tR4NjvQ2GbTZDawaM="},"indexInfo":{"baseKey":"BUZG9g+NTujWdkai3cOKMH1M53HUV+3/cR+++kjirDdj","baseKeyType":1,"closed":-1,"used":1724522476593,"created":1724522476593,"remoteIdentityKey":"BeIBrzZCD9OJCEBXxtobrYF+CMK1x/2a3zYPTQfXwG4W"},"_chains":{"BfAYTmz+SbdVsYhWDQJSrQVKitngJdkGLK6c+0PJSEtr":{"chainKey":{"counter":0,"key":"lMaou9dFIMPWn4DyLopweUWrmbcR1cdbTJXVSpO8+H8="},"chainType":1,"messageKeys":{}}},"pendingPreKey":{"signedKeyId":27,"baseKey":"BUZG9g+NTujWdkai3cOKMH1M53HUV+3/cR+++kjirDdj","preKeyId":8873578}}},"version":"v1"}