{"_sessions":{"BQ2QhNNVZSMs3FRnlPlKEwo3gxmTm4CUYLubyAPvw8x3":{"registrationId":1535004606,"currentRatchet":{"ephemeralKeyPair":{"pubKey":"BcmMG5UZaj9bDQzyEMbAT6F9HpeQ8UO/jUBxB0YAwwUP","privKey":"mHTwJMk5EInpo9mPtn2IaIFz1WFlM4+NrorH4539RmM="},"lastRemoteEphemeralKey":"BWH7HdeiB1fLYgPzaZ8Axj6A4hfAd4mmvTwqW7Iyycwm","previousCounter":0,"rootKey":"tTFRDeM2uBv6g/2fdVqHsFNJmtUVHm4nC2ocN7p+uxc="},"indexInfo":{"baseKey":"BQ2QhNNVZSMs3FRnlPlKEwo3gxmTm4CUYLubyAPvw8x3","baseKeyType":2,"closed":-1,"used":1724522456868,"created":1724522456868,"remoteIdentityKey":"BRedZvQQfD8zHYVZVyrDEahcugCbMl8Q4G9z7rN2mMoa"},"_chains":{"BWH7HdeiB1fLYgPzaZ8Axj6A4hfAd4mmvTwqW7Iyycwm":{"chainKey":{"counter":0,"key":"fobFLxBkkTq9areq6TuqehpXScxEoyyvToM1464BI3I="},"chainType":2,"messageKeys":{}},"BcmMG5UZaj9bDQzyEMbAT6F9HpeQ8UO/jUBxB0YAwwUP":{"chainKey":{"counter":-1,"key":"PFwTlgRphWMk+cWCxYoux4CcYNiOWbXnxbtdcnXaasw="},"chainType":1,"messageKeys":{}}}}},"version":"v1"}