{"_sessions":{"BX8PnsSzlo07qd+e7NSWtl7AkhJIZJGm/16GcslmQdg3":{"registrationId":6127,"currentRatchet":{"ephemeralKeyPair":{"pubKey":"Ba15okkjyXDnNhyMkn/iDca4zTg2qTUjYEZfpmqFhkg7","privKey":"GKvy/3+L7SjsaRcgnyjq1/S9OWuWi0UUbHzYAE5WonQ="},"lastRemoteEphemeralKey":"BZa3oXgzJa4aoxL+aq7kdLv9nuGmV5PT3jPcAB1LObFA","previousCounter":0,"rootKey":"O0bCk64gv3VW9NefhAOmQiAcAPT2y+zHwjF9Kdv6aNY="},"indexInfo":{"baseKey":"BX8PnsSzlo07qd+e7NSWtl7AkhJIZJGm/16GcslmQdg3","baseKeyType":1,"closed":-1,"used":1724522476413,"created":1724522476413,"remoteIdentityKey":"BYNRPqjCMdm7KSJl0AR98Q66MIkN7WWai/GAXRcoHfFU"},"_chains":{"Ba15okkjyXDnNhyMkn/iDca4zTg2qTUjYEZfpmqFhkg7":{"chainKey":{"counter":0,"key":"MNKJTwPsMsntu5kgLt71DQBe2q29P6sDu75WRzOrxm4="},"chainType":1,"messageKeys":{}}},"pendingPreKey":{"signedKeyId":1,"baseKey":"BX8PnsSzlo07qd+e7NSWtl7AkhJIZJGm/16GcslmQdg3"}}},"version":"v1"}