{"_sessions":{"BbNG9JqmaS6H0WsOMibgEnDRvDHYohbMjDrOkvtFMHM/":{"registrationId":41528655,"currentRatchet":{"ephemeralKeyPair":{"pubKey":"BZKjn4CWITiYpfVVU09gV1GbzfzDZgq2t0SaIuB9GDRD","privKey":"YBPlF1ZeShRADND4p8Y7HJYHqCjTJMe3fMU1yaAiEkk="},"lastRemoteEphemeralKey":"BZoMlJcO5tmfwlIg5/6B6DsvTyegcy+qHZw6bC9VyXcm","previousCounter":0,"rootKey":"LdOmsSPgZ+B3NnBc5NB1xCB8m6+FNQovDKT6JACNnFI="},"indexInfo":{"baseKey":"BbNG9JqmaS6H0WsOMibgEnDRvDHYohbMjDrOkvtFMHM/","baseKeyType":1,"closed":-1,"used":1724522476496,"created":1724522476496,"remoteIdentityKey":"BcWXEILQXLbaPSk14SKOT5ZlFDR+x5/14VoT67yFF9ln"},"_chains":{"BZKjn4CWITiYpfVVU09gV1GbzfzDZgq2t0SaIuB9GDRD":{"chainKey":{"counter":0,"key":"Z1KetH+6QsqbBk6rTG/Mt5ZkKyVQfKhDx8Nj/nXNxNY="},"chainType":1,"messageKeys":{}}},"pendingPreKey":{"signedKeyId":1,"baseKey":"BbNG9JqmaS6H0WsOMibgEnDRvDHYohbMjDrOkvtFMHM/","preKeyId":13268482}}},"version":"v1"}