{"_sessions":{"BfhBjqSk9pz+Aw8eVwKDz0YR6DyjffBQZeuUf7bbUplx":{"registrationId":2065341219,"currentRatchet":{"ephemeralKeyPair":{"pubKey":"BcExvDkCRUXenjM5kCN+6VT3n9iFCPLKhKxRY9Jb0n4P","privKey":"sMoDcLxM/0u0czuQMzrKHDlkxS+oY50VcIC4bKqUX30="},"lastRemoteEphemeralKey":"Bf/B3+RAngWyTvmJ+HRpTJAtvffbA2l2xSk7nlEedh8K","previousCounter":0,"rootKey":"W/QgBIxUhoq6EpcMtfwUnFsgkenZt/nzV9lKkPx/bI4="},"indexInfo":{"baseKey":"BfhBjqSk9pz+Aw8eVwKDz0YR6DyjffBQZeuUf7bbUplx","baseKeyType":1,"closed":-1,"used":1724522476480,"created":1724522476480,"remoteIdentityKey":"BQiTBA1YFCGT4rkiXEZk+42CqXOjynucjfkajyC4RndI"},"_chains":{"BcExvDkCRUXenjM5kCN+6VT3n9iFCPLKhKxRY9Jb0n4P":{"chainKey":{"counter":0,"key":"F66Gc75Wyo+4DNgGUFb2tN7tg4r46VAVRC8LVRr/DzY="},"chainType":1,"messageKeys":{}}},"pendingPreKey":{"signedKeyId":5,"baseKey":"BfhBjqSk9pz+Aw8eVwKDz0YR6DyjffBQZeuUf7bbUplx","preKeyId":13740144}}},"version":"v1"}