{"_sessions":{"BdCBRBwwkiMLol1TUN2ifNtk71RGjyZXsjswRF+aEHQz":{"registrationId":662960817,"currentRatchet":{"ephemeralKeyPair":{"pubKey":"BeVjoSQF7dZ9dzdX0mqYn3MKxn9W8kWPlBWPYQWY54FT","privKey":"MAE8E+LFD3WnRWHQ2KIf0tXLxoiSHjnA64bjVLSvzkM="},"lastRemoteEphemeralKey":"BQ5Q0bNaeBMDki9/DpcvCzkYF3PAB/fNIYKLzSv4hHkf","previousCounter":0,"rootKey":"K0RjOgL8Bn56s4uzRXm314ipn3rW4EJI1lf+ltjDc3E="},"indexInfo":{"baseKey":"BdCBRBwwkiMLol1TUN2ifNtk71RGjyZXsjswRF+aEHQz","baseKeyType":1,"closed":-1,"used":1724522476519,"created":1724522476519,"remoteIdentityKey":"BfAO4FMXWUCp1EleeYFVdKEYfONx8ujnVbNEdfLm5lls"},"_chains":{"BeVjoSQF7dZ9dzdX0mqYn3MKxn9W8kWPlBWPYQWY54FT":{"chainKey":{"counter":0,"key":"6YIvXEObjleOYPtGfM/zB/t2q5qrMXZoYPF0Vvxq7G4="},"chainType":1,"messageKeys":{}}},"pendingPreKey":{"signedKeyId":3,"baseKey":"BdCBRBwwkiMLol1TUN2ifNtk71RGjyZXsjswRF+aEHQz","preKeyId":7336441}}},"version":"v1"}