{"_sessions":{"BdwsqNd1BWBXdNkhkS8EeWmZCaEWR0B25GsHqu9rbVFB":{"registrationId":729569932,"currentRatchet":{"ephemeralKeyPair":{"pubKey":"BcUG/hrxB+0BIHzrRJoCEpbg6+J1lPGjcChGcYZrjH8x","privKey":"cBkPdQwUph0+CtN2r2sv3IgFGsJEwslW6SpdKUopx10="},"lastRemoteEphemeralKey":"BfK7be0mU58GIRwGzFefar2g7ECeymSQ9x8C7gFzO3kG","previousCounter":0,"rootKey":"jcU3qZOijGeE3uRJZixxoWbsjTfWuOm4NewOSJCcJQM="},"indexInfo":{"baseKey":"BdwsqNd1BWBXdNkhkS8EeWmZCaEWR0B25GsHqu9rbVFB","baseKeyType":1,"closed":-1,"used":1724522476586,"created":1724522476586,"remoteIdentityKey":"BcJN+HNUufruwyOudMxyuoTzSyNz588/dhuyEp15tKxQ"},"_chains":{"BcUG/hrxB+0BIHzrRJoCEpbg6+J1lPGjcChGcYZrjH8x":{"chainKey":{"counter":0,"key":"ErHWl4PwO3HV44Lp6lQ+JvEt7dakjHwpcPgASChZ4ug="},"chainType":1,"messageKeys":{}}},"pendingPreKey":{"signedKeyId":3,"baseKey":"BdwsqNd1BWBXdNkhkS8EeWmZCaEWR0B25GsHqu9rbVFB","preKeyId":4935853}}},"version":"v1"}