{"_sessions":{"BeQT6isEXm/G3p5cGuR8lIVSJ0beus3Nc1UZH/DSFpY2":{"registrationId":1214164241,"currentRatchet":{"ephemeralKeyPair":{"pubKey":"BbbShx9sSLy/nxQfpaAY1dFd7lh6ZPcJ9HK8BderBYde","privKey":"UKQ5W9UgvfUaATJ+rhBWY6l7AW1hgBxdeONd/tfdo0w="},"lastRemoteEphemeralKey":"BXvSWdjTNtSuIjXy75UBjeupWw7wajF0y4CN1SZtC4hW","previousCounter":0,"rootKey":"fQGoLuUofHlrIGEqOV6e6XGOiwRnGhiJCnt0Q/kiPqM="},"indexInfo":{"baseKey":"BeQT6isEXm/G3p5cGuR8lIVSJ0beus3Nc1UZH/DSFpY2","baseKeyType":1,"closed":-1,"used":1724522476599,"created":1724522476599,"remoteIdentityKey":"BQFXwB4zkQ+TH0zOntdx/TkujeacC89texN1JOEqaWhX"},"_chains":{"BbbShx9sSLy/nxQfpaAY1dFd7lh6ZPcJ9HK8BderBYde":{"chainKey":{"counter":0,"key":"f3TtlG0UutmGkPUj681OV5aXcqUMy41CLwxQjfXWNmc="},"chainType":1,"messageKeys":{}}},"pendingPreKey":{"signedKeyId":2,"baseKey":"BeQT6isEXm/G3p5cGuR8lIVSJ0beus3Nc1UZH/DSFpY2","preKeyId":6964911}}},"version":"v1"}