{"_sessions":{"BS0367mPpQkSoYixKLztzfAQwD+KD1KCBVRuwF3AMmJp":{"registrationId":1348045889,"currentRatchet":{"ephemeralKeyPair":{"pubKey":"BQBoP2sWPm7GMCQohv7PbZjUPgscP0uuXFc8WZJ2HTEA","privKey":"ENw8DxXbtxI6NYVNVnolz9qU0dEVcZMvbhz8GNwCNX0="},"lastRemoteEphemeralKey":"BbNLuH73jNguOEHNQWSeVe6cVf5OM+1n5vw/2IoyNOlZ","previousCounter":0,"rootKey":"bhg5VYekYMcIrqlLpc3dWIDLNjFk6mXV82Y28oLG1zw="},"indexInfo":{"baseKey":"BS0367mPpQkSoYixKLztzfAQwD+KD1KCBVRuwF3AMmJp","baseKeyType":1,"closed":-1,"used":1724522476461,"created":1724522476461,"remoteIdentityKey":"BTNaD9DRYjC0L4w0hSxNwoZxRc6KOKxETrOVA/rG5vEE"},"_chains":{"BQBoP2sWPm7GMCQohv7PbZjUPgscP0uuXFc8WZJ2HTEA":{"chainKey":{"counter":0,"key":"bCk3ZPQIE/h6OZzPLwKz4XbUs3TU2LLkaQgqJp8rHYw="},"chainType":1,"messageKeys":{}}},"pendingPreKey":{"signedKeyId":1,"baseKey":"BS0367mPpQkSoYixKLztzfAQwD+KD1KCBVRuwF3AMmJp","preKeyId":9993887}}},"version":"v1"}