{"_sessions":{"BfBEBXsXEJo8B/l6qy1KEJIcLAcddKhrdqXQNt0BiupS":{"registrationId":1880774255,"currentRatchet":{"ephemeralKeyPair":{"pubKey":"Ba0Q5zgxMEv9rrko/zGRciNZUTz2d9rt6vVig9PKBvQN","privKey":"IGXkB1z9Rut05DIhRawViLBUxrD5CcHxMzuCJUyjWmI="},"lastRemoteEphemeralKey":"BaXDwgM13cYOCNthi2Qpj9gFBMGHS21kCB6I502wpcw0","previousCounter":0,"rootKey":"4kZsrlnYUTaoQQkwI21y6oBP1iJWEu0IAodOVsoicEo="},"indexInfo":{"baseKey":"BfBEBXsXEJo8B/l6qy1KEJIcLAcddKhrdqXQNt0BiupS","baseKeyType":1,"closed":-1,"used":1724522476450,"created":1724522476450,"remoteIdentityKey":"BczAIijgxKKd4w3pp+2dB+sMQ1rwWkfV/Nb2MnYb501W"},"_chains":{"Ba0Q5zgxMEv9rrko/zGRciNZUTz2d9rt6vVig9PKBvQN":{"chainKey":{"counter":0,"key":"Zd3LOzrPF6ks4Ls+arX0518VDgxreuKvQc2u90vwAxc="},"chainType":1,"messageKeys":{}}},"pendingPreKey":{"signedKeyId":2,"baseKey":"BfBEBXsXEJo8B/l6qy1KEJIcLAcddKhrdqXQNt0BiupS","preKeyId":11198714}}},"version":"v1"}