{"_sessions":{"BVzZrFXN21G7KCyaiVOQslZWa7+B12QLg1oQohXidLgo":{"registrationId":1888272010,"currentRatchet":{"ephemeralKeyPair":{"pubKey":"BX3YvjRhpn/6zbMmAn8xXsVRQtCPgqNAX9lP4tw67pda","privKey":"AI3oRfLPSsBdaAxq7/vbfGllD/ML4sycDm1smgSDWWc="},"lastRemoteEphemeralKey":"BTgIfzkOZY38BmOdNWUoca5+8WE3+FLGxuKOg2Dy36oV","previousCounter":0,"rootKey":"9llPhScDPSgrl/zIFvjg7m7SNZ4w65K+B+wjuJvBNDQ="},"indexInfo":{"baseKey":"BVzZrFXN21G7KCyaiVOQslZWa7+B12QLg1oQohXidLgo","baseKeyType":1,"closed":-1,"used":1724522476570,"created":1724522476570,"remoteIdentityKey":"BaTey3TQQtXWbKZe1NQAXlm+r4wkTjCOpvhPHE0g5aYV"},"_chains":{"BX3YvjRhpn/6zbMmAn8xXsVRQtCPgqNAX9lP4tw67pda":{"chainKey":{"counter":0,"key":"J9dpNj9oWxWuTXtuY+9RMOxb1zBiwFCUlCJfKvoom5M="},"chainType":1,"messageKeys":{}}},"pendingPreKey":{"signedKeyId":8,"baseKey":"BVzZrFXN21G7KCyaiVOQslZWa7+B12QLg1oQohXidLgo","preKeyId":4174841}}},"version":"v1"}