{"_sessions":{"BWuVNlkyHNhdxlI+x95YVG+Vil5Np7eHRmeinqzWQnt6":{"registrationId":1900606708,"currentRatchet":{"ephemeralKeyPair":{"pubKey":"BaOXEO5waCDktQ2c/8GYvZNxNkh0Oc5A1jM8oNv/Y0dD","privKey":"CFZs9cfGRhavodTdzRG/2NAwqh7Ny/HLXhFRpieaY3c="},"lastRemoteEphemeralKey":"BQoBuQHqv/kzGeWJKEw/xFJHNjmmD4Zue0bcKlZF/V4S","previousCounter":0,"rootKey":"6JIzP00h1TIh8iR6pZ+EfFe0IOWNz7izSQnWCwpxK5s="},"indexInfo":{"baseKey":"BWuVNlkyHNhdxlI+x95YVG+Vil5Np7eHRmeinqzWQnt6","baseKeyType":2,"closed":-1,"used":1724522474370,"created":1724521232321,"remoteIdentityKey":"BaCyAvbBUQ3/ETd3SiGuiMNOkIZtxNK6ocojNi69Nx4Y"},"_chains":{"BWaa9EsuokS1S679poPs+IyBEL1gFf1qgyWpxFcEO+sb":{"chainKey":{"counter":12},"chainType":2,"messageKeys":{}},"BcBQscBVFmoNEB2zHdNa/rhvItG0KQpbzW1znX2Koedx":{"chainKey":{"counter":17},"chainType":2,"messageKeys":{}},"Bc8xaH7K+P/cVV8RIXoEDeYRmzba/c4SPkGK9B0b2EYD":{"chainKey":{"counter":3},"chainType":2,"messageKeys":{}},"BT4vaC0GFeDYCvaVUpLoSb/Xgl+eIsR7uatlZ78V6ApA":{"chainKey":{"counter":0},"chainType":2,"messageKeys":{}},"BeZ0zv7LUJQtwt0+iM+of3sKo16Jqfpbq8zRpyqssXZo":{"chainKey":{"counter":2},"chainType":2,"messageKeys":{}},"BWwc5jDfhUZ0pdNYXQpcpEEpvOghtIr8VdjzlBTC9chA":{"chainKey":{"counter":0},"chainType":2,"messageKeys":{}},"BVV4wfesbW3ZfJ04Ps1mQnwME5hxz146hEXrpM6kSwIA":{"chainKey":{"counter":0},"chainType":2,"messageKeys":{}},"BW+5NxAzj6ASHEuENlnS3pxG+3QjYY/LjhcGrxsFEAFM":{"chainKey":{"counter":0},"chainType":2,"messageKeys":{}},"BSGxTD/J2DDrBf/TWNmumASwIOAwM/BWC7yTX4Nb4jkW":{"chainKey":{"counter":3},"chainType":2,"messageKeys":{}},"BZbhhgH4g6GqfM7jk2h/KdYEjoCny2ngnoy5Hoyix0J9":{"chainKey":{"counter":0},"chainType":2,"messageKeys":{}},"BRmQWaTgnqIIYOMOQ+UBoq7xRB2r/lMN2AqeJ7kMvKJf":{"chainKey":{"counter":1},"chainType":2,"messageKeys":{}},"BQoBuQHqv/kzGeWJKEw/xFJHNjmmD4Zue0bcKlZF/V4S":{"chainKey":{"counter":0,"key":"c0hostsmXQB5XzswSnZ8s7K9OaGkR66PEh0cgDY2GEo="},"chainType":2,"messageKeys":{}},"BaOXEO5waCDktQ2c/8GYvZNxNkh0Oc5A1jM8oNv/Y0dD":{"chainKey":{"counter":0,"key":"JVvgkF4/QbMcmR6zZQInqljrHqurZuGx4C6xHsr1fSw="},"chainType":1,"messageKeys":{}}}}},"version":"v1"}