{"_sessions":{"BUYLK7EkXKKuIim19acjhgVdFgv111Q8L+AhqRjWBSRO":{"registrationId":1595538338,"currentRatchet":{"ephemeralKeyPair":{"pubKey":"BY43EGXOCXsE2K9dSq4phOwlpPZrMbJUbYCZsyfLaFdA","privKey":"iKK0IYRjMJPxZQFLpXWfPGbj64H/s3sbAPrA9LptekY="},"lastRemoteEphemeralKey":"BUELNclErhFug0GL9qf9UHwqNv/qFIW22qD8Q49kvbws","previousCounter":0,"rootKey":"jC7E+4u3c3Z1rS8dW4j2Nl/s/0ovyrVVYpVJrijGR5c="},"indexInfo":{"baseKey":"BUYLK7EkXKKuIim19acjhgVdFgv111Q8L+AhqRjWBSRO","baseKeyType":1,"closed":-1,"used":1724522476526,"created":1724522476526,"remoteIdentityKey":"BYedT/5+SWkxTNUSs+5seZ0CjpFqlcGpEIT3hqoLNpRj"},"_chains":{"BY43EGXOCXsE2K9dSq4phOwlpPZrMbJUbYCZsyfLaFdA":{"chainKey":{"counter":0,"key":"Ad2EWfwZF/8AEa65Pzg9OgP7rn4ZuOLNyLZa3MIEsLA="},"chainType":1,"messageKeys":{}}},"pendingPreKey":{"signedKeyId":3,"baseKey":"BUYLK7EkXKKuIim19acjhgVdFgv111Q8L+AhqRjWBSRO","preKeyId":8880093}}},"version":"v1"}